frequency,length,width,height,substrate_dielectric,substrate_thickness,input_power,predicted_gain_new
24.123620356542087,1.8963234280394905,3.8702658576772393,0.3076327140544872,2.7851170512077177,0.0431007568842521,6.75975964266809,6.462919038383431
25.85214291922975,1.5721927326882408,4.583801894756716,0.2916727510518924,2.7409363972159992,0.0405811117861887,7.987145832194586,6.715173747573742
25.195981825434217,1.1190552325726555,5.245891671752816,0.1102568263225742,4.718763741563111,0.0329411580582229,2.57963219804574,6.138418492564766
24.795975452591108,2.1275900394138976,4.964449772819123,0.2364991310504625,2.748638599548518,0.0482418857444773,6.286253586109289,6.589189441297163
23.46805592132731,1.8694623451077583,5.113122295722899,0.2520782475143428,2.8158491783858928,0.0180189806211361,5.760285233123112,6.502892124809895
23.46798356100861,0.8252338786897826,4.817566733421435,0.2595291123587602,4.278194787253892,0.0143705684123848,8.345020730203883,6.828790746765973
23.1742508365046,2.321854368987685,4.884553129035705,0.3320689476909329,3.34921952735162,0.0441584786782168,9.07026189876448,7.047086231342535
25.59852843732481,2.145074485846338,5.198391303130639,0.3134410186907513,4.330131670865544,0.0275659926653499,0.2203520376261294,5.8825953622818385
24.803345035229626,2.399599826583848,3.999336017718372,0.3431620371173778,2.196098472693156,0.0438787541682824,6.772797198682047,6.499658632722086
25.124217733388136,1.95143901677672,4.478849927286281,0.4059533046168513,3.462713581020153,0.0457236082078166,0.6131744112853172,5.731311326367168
23.061753482887408,1.7268303918715795,3.942418883639205,0.4251942954864374,2.100840800549848,0.0124983037447628,5.533700784265824,6.212200932929916
25.909729556485985,1.3364860725812375,5.475336015993294,0.3872492304905978,2.187959610366064,0.0453385905194424,2.9475640175324145,6.0439490943879886
25.497327922401265,2.3654569667080265,5.3881186793732265,0.4822094783819739,4.719312360033233,0.0279327622147768,3.137088335269198,6.393708221813055
23.63701733203483,2.232127779000817,3.578853622737012,0.1072930330705446,2.417736113352785,0.0304172995601692,3.59428918417833,5.966889297747619
23.5454749016213,0.5904373402123788,4.911150345031377,0.1783111942734184,3.5972620468256515,0.0350637004437284,6.25079524559114,6.453731130772011
23.550213529560303,0.552733948994504,5.350496634831332,0.1030251499912568,3.2332868078021195,0.0470553042692034,3.407094660120815,6.07264087070728
23.912726728878614,1.2529267337560992,3.861150690254667,0.3589898856618412,3.042029978776528,0.0107646437771905,7.353720600843776,6.48977385314881
24.574269294896716,2.121106661563666,4.635890461105259,0.4592122195799948,4.699500037061817,0.0290737387327126,4.104821117181309,6.38382251478807
24.295835055926347,2.474552258629889,5.330976595176084,0.1973929186305197,2.0654701903264687,0.0375088816972224,0.7766966830685903,5.827334657860304
23.873687420594127,0.8008337822070564,3.567891957171597,0.4708138179185227,3.991369058526767,0.0389082783079291,7.859222440592662,6.542828977504525
24.83555868416714,1.6882614307042705,4.89484053449368,0.1241069561158243,4.890183302640651,0.0377012972614843,2.9290074134677897,6.217657698256572
23.41848158195613,1.261781713262043,4.094698014745101,0.4737744107222057,3.6805045503855256,0.0153774051763248,4.3843921080327,6.1460852114361
23.87643394560565,2.4398287956292064,5.348792390753061,0.2406490748958537,4.810467386099275,0.0219758235348672,6.885894443896825,6.941127873382596
24.09908552988108,2.1842378462714174,5.442116490330736,0.1405683313796866,2.1567736378580715,0.0243486210166805,3.391315955772249,6.19531893752608
24.368209952651107,2.176657409422276,5.388532978226868,0.2943487036745302,3.2563799572224843,0.0421774883071802,0.6601979958524846,5.883022784264076
25.35552788417904,1.4373863195899406,4.448428433314928,0.2027106270882032,2.7804733728861537,0.0211503948965821,3.801818365426855,6.0713406864210935
23.59902134647508,1.3296390046753304,5.224085301978627,0.2139491607847691,4.19246289494219,0.0184281985546881,9.450040968673605,7.10607790569218
24.54270331524084,1.0468141438614125,5.189098797070141,0.2229159859705146,4.94389127149174,0.0482979207615238,6.453170533255726,6.698929236044313
24.777243706586127,0.6127509933018542,4.138200946486512,0.4212103591330653,2.7695901873327435,0.0103545314045387,6.747643571805348,6.347276228365102
23.139351238159996,2.2294447525101067,5.1578309483013545,0.3156645106701018,3.962523804422224,0.0499128342272791,6.3595933210126345,6.735091383968145
24.822634555704315,2.125802018260156,3.574015269430985,0.2245230796624014,2.59429289827922,0.0370728519542958,2.0700221756984245,5.752409550922449
23.511572371061877,2.499435346572261,4.692539756964106,0.3441335133243673,3.6959907637148297,0.0431387719779646,4.241505254612573,6.369062930283354
23.19515477895584,2.4932736741478108,3.960017674575406,0.3864602696892775,3.3917974600650087,0.0217847758538477,7.53430400379685,6.707846225691581
25.84665661176,1.610863411205255,3.7411337715545576,0.2090496002934135,4.916015988894611,0.0105726111066824,1.1035916857762758,5.774711660964575
25.89689609922368,2.037974830361021,3.6539064032584174,0.2654196406101406,3.8255818180894,0.0395147807424612,2.850742483288152,5.975876625540691
25.425192044349384,2.3895314597648563,4.892577551756279,0.148754437334779,3.048519116260456,0.043365783880027,2.835559173811951,6.137531052965349
23.913841307520112,2.1992947813548227,4.1797499275361325,0.1724597398138721,2.3422873546638003,0.0396190452781407,4.376987383185609,6.162898182616386
23.29301634201915,0.9946962034863952,4.949533543057523,0.3724471415859931,2.453740486204804,0.0157140114920335,9.805650535327633,6.9274300767305075
25.05269907953647,1.401088270620187,3.6307126815978847,0.1725753390782508,2.6759507898537054,0.0401371168902787,0.7682752121698372,5.4918241138925605
24.320457481218803,0.75831883030299,4.1305806756612204,0.310065353466824,2.752899984020894,0.0407569112843056,5.2351398443678905,6.140767293009608
23.366114704534336,2.4081020545174447,4.578982584750674,0.383618504688973,4.551848173523414,0.0363416206268022,1.8757103519208835,6.068125817946294
24.48553073033381,1.71234926890176,5.081446329677927,0.1427507692378975,3.683668364847575,0.0406446373118234,9.709697799556468,7.130612857693917
23.10316556334565,0.9572856110069254,4.13750500586414,0.3269248878515614,3.5701727341230995,0.0438368575871092,1.2217046968018956,5.645700871349055
25.727961206236348,1.8434013688117132,4.751782752874018,0.2026251134805455,2.3443066156076524,0.0345441645694983,4.095649923379753,6.174889275576829
23.77633994480005,1.7362564809157917,5.271955496472375,0.4851707500950319,4.580419080048305,0.0135441885587871,7.405061349862601,6.898876078017517
24.987566853061946,1.216325436065681,4.731726376364609,0.2934182586879699,4.168442909625451,0.0295051123866884,7.075088837471708,6.677322448130303
23.93513322826823,0.727115184399258,3.965918949507268,0.4223970199100633,2.2030050857000045,0.0131059733868642,4.285013505249929,5.925625443280763
24.560204063533437,1.8431463911855992,3.5488015631130763,0.3200906168625047,4.123505291689306,0.0263017212412972,3.530589262731911,6.053071759405595
24.64013083802984,1.5406154018075866,5.24019774780186,0.1173650131419276,3.6306146520279374,0.0262842595650251,4.036362547673419,6.306319389742027
23.55456336657658,2.044636783471278,3.5425388217007745,0.3532605502376089,2.2451760372403347,0.0126403937656096,2.716335005270529,5.795672652080446
25.90875388329368,1.5403270022239868,5.249403345368399,0.4805613368826628,3.374901924585969,0.0239528213587791,2.132796093197318,6.015498031311919
25.325398470083343,2.2043630006370805,4.557874268054424,0.3406447280585325,3.454088861390141,0.0144399239516525,4.882093005833011,6.394406169770241
25.818496824692566,1.603813677548971,5.378135397025792,0.4276755437707161,2.4973236204898277,0.0423294084003688,2.7584841850693125,6.059698014410229
25.684482051282945,1.6218759430707723,5.097566471547331,0.4536825853393631,4.837094441000847,0.0479075210385788,2.945870482482776,6.242079969114007
24.793699936433256,2.2533072053166903,5.495868221066675,0.191231908779573,4.549926114441986,0.0128926590103175,6.601885028398115,6.882337406582108
25.16562270506935,1.306965732424794,4.20142363090342,0.1848179359632906,4.007067011987325,0.048204608291668,9.688519583828931,6.974794572942516
23.26547750615576,0.7680304569012815,5.034376577862254,0.3443923955403967,3.386886683001822,0.0309030639734698,6.076008285537813,6.449363715336075
23.58794858725744,0.557565352626678,4.303861827218484,0.2644113879226819,3.2352966247535253,0.0219826271181549,0.8620967239431662,5.544493565781719
23.135681866731613,2.0102745113472382,4.459751240607818,0.4359445211466881,3.952920401452863,0.0130744830110465,0.8482777771552631,5.800785014077652
23.975990992289795,1.740619102706929,4.75501092643674,0.4600092493592045,3.636295608220717,0.0300249707228167,9.519089886371104,7.049617265226994
24.166031869068448,1.9081595361984471,5.247354228372678,0.2413685517210872,2.1868193176456567,0.0417806217796299,3.043178824042603,6.084218526751895
23.814047095321687,0.9259283230178216,5.46816693839859,0.1947482235897928,3.537507946310995,0.0382834590906679,1.011463162216507,5.814783335666659
25.486212527455788,0.7727429511735395,5.036546827729037,0.4122102060975448,4.419210851698519,0.0120090404585589,6.030541412788777,6.541267544311145
24.070259980080767,0.5290893313357639,4.335533564334668,0.2099224142192544,3.3777196327908743,0.0129160734147161,6.274122905073634,6.346209284890213
23.84280352906214,1.201175117613194,4.34271400455414,0.4290457274054714,2.155869732662805,0.0261149313053054,6.5201977191750125,6.360856323820483
24.628088249474747,1.6798353737092662,4.975164603177783,0.2694953014595052,4.358834598152099,0.0218116197619177,2.747280075789659,6.156543582924732
23.42277267492429,1.2844880901994646,3.9775542915366047,0.3670199597165882,2.604091346407923,0.0192953729222419,0.2495957737233028,5.440478436527618
25.40659094226212,1.374949844047458,3.720948226262789,0.1382141255338672,2.7758625046641163,0.0212401799563485,9.653652157599272,6.802858100704954
23.223651931039317,2.308317388987497,4.209244315281553,0.3495437298706292,2.494119060296888,0.0421393097318753,2.5838411523419147,5.929242262046506
25.960660809801556,1.1965109340466007,4.074477983308164,0.2807070714948916,2.9906451946144927,0.0471691221452741,6.79266025172022,6.440016994610806
25.316734307889973,1.5279789783196216,4.09261624091198,0.3346433852701896,4.270254517065905,0.0262041077811026,7.095635711799225,6.631176251668547
23.59614704460252,2.067306025482286,3.96721550209982,0.1672056830979453,3.558157578511812,0.0462444400852998,6.139073429086908,6.470844050688916
23.016566351370805,1.2930855646425403,3.584186379272724,0.3947494979776729,2.6146438224521376,0.0228598280499152,3.1977832027151174,5.808630419368418
25.446384285364505,1.744173400455747,3.535747869466828,0.4451188310172914,4.633490234456122,0.0290574794537516,2.7838529122642512,5.977609643290988
25.12057203154285,2.22472741749349,5.475444779472063,0.1866959200363102,4.638745564854588,0.0190411599126399,6.016915998756761,6.7999115170348485
25.18702150412296,2.399041247315284,4.355546267471725,0.1382858222080647,4.61173527513802,0.0356190416870337,8.674346772755746,7.0348968237070135
25.31381104005784,0.7941469618580759,4.268653294319363,0.1094554344185345,2.716388634144618,0.0491592446069923,9.472663916341617,6.783774045456886
23.22213395520227,2.353175250322989,4.85929456538614,0.3567886001773064,3.3537180325429645,0.0341397238417351,1.1484674635972008,5.89723837998474
24.075397185632816,1.4842325861590764,3.936507775730128,0.3428376144355123,4.954968968422625,0.0243125633645419,1.6328032647174269,5.8600347113626565
23.347607178575387,1.0164887765979167,5.399922367900451,0.318678965085628,4.316037428929971,0.0359126978396211,9.452888961952487,7.104044548598251
25.58931027762678,1.4182715124765226,5.072690028831104,0.1927788384463901,2.08150226367668,0.0149168271386155,7.391698760514446,6.627791760032315
24.869894380482677,2.460065150570954,3.678822004624519,0.2563623983622058,2.195613773781476,0.0455463632106159,8.841638865814753,6.759155947073799
23.992694074557942,1.4852361879857392,4.335161551569857,0.3377905340744692,3.391794130436998,0.0301233580311934,2.106063077939897,5.8579395020604945
23.190675050858072,1.1575032205750164,5.258236615124329,0.2987067435436678,4.7276606175846805,0.0279739896815856,5.917100123983079,6.619994990271023
23.932946965146986,1.7668017086334515,5.38946404458282,0.4951142080859549,3.616105393858143,0.0334345915381407,7.041281984732989,6.787517329643363
23.97554996608024,0.980291237556386,4.43480302249974,0.1545759010226932,3.4934375241028706,0.034991354511576,6.833107665925029,6.50681325022318
25.188818535014192,0.6517266562173278,4.726822778421416,0.3780578216190375,2.316421099869892,0.0128710322490605,4.140701739580311,6.0270911588282114
24.91267241406564,0.7577594438212985,3.834067892184151,0.2617275072417169,3.970340314172882,0.0373046888489361,0.2524094277439539,5.477237779515567
25.66163822772898,0.7560916779155449,5.482337252273953,0.2712798459702459,4.4663094818006766,0.0196772672126211,5.870967962362204,6.588963923871281
24.41664477548585,0.8038053870245887,3.963343402766887,0.3870391062632705,3.1412600225226868,0.0385581053002635,2.605705237878127,5.771965558607631
23.358782737814906,0.7776543452988203,5.385463548270251,0.3769744605297479,4.326835552775982,0.0429013917753678,4.557517036814614,6.362732827072874
25.139734361668985,1.7817494896064292,4.799293297984737,0.4965023974808753,4.893429961702434,0.0421583403021008,9.580052049329792,7.181496387957415
25.28235514585069,0.8637601687982897,4.715473589757719,0.1513577157816501,2.6112993773830677,0.0321000386963155,4.050449644660104,6.063736366497912
24.68383159270849,1.1913345666477264,4.525377022033017,0.1416438597536665,3.569988893584224,0.03080679569243,8.414035905977824,6.785860934493661
25.31290153986368,2.2935768198120234,3.961339623435517,0.3897355268514965,2.8614138742537265,0.0157150384535764,1.9665519969175864,5.841272723609398
24.48138678909317,1.4479232805257447,3.853056064011017,0.3313547668025636,4.378563257101519,0.0410138460161254,6.7573589304477855,6.540801102722616
24.56819848814598,1.8351154770420544,3.940972418140351,0.2096642666239223,3.732780097643472,0.0208563752178685,9.77236884894554,6.985590828274807
24.28262305507565,0.8446397424032597,3.872876524288509,0.1317677475955946,3.903747252650912,0.0298678169127178,1.1087416986420744,5.609552260947877
23.076257380232285,0.8845780376173416,5.059168947133506,0.1342632998385722,4.393742478847682,0.0213709637171006,0.1823674280492009,5.69538052153001
23.323674280979912,0.5817372325329577,4.20025051833346,0.4576763498656473,3.1879114179873644,0.0153531345199877,4.392469647062882,6.0386932672087905
23.0942875570602,0.8378701261443291,3.6156853531267927,0.1767469298874971,4.7452702052211295,0.0351823078756694,1.016992282208535,5.620883396803455
24.909231233791346,1.0571806780639172,5.438205260281623,0.2293486248462083,3.59908660173842,0.0121732813929161,7.50900506179469,6.780314544333661
23.94306794322898,0.8540209685534936,5.267571769926851,0.1906625608907952,2.473864468506044,0.039945809365048,9.154031772100732,6.869349222423443
24.52571207349411,0.6774050675141112,5.355504566390426,0.2419985223327749,4.087697354506407,0.0227034718104446,4.3968076298167125,6.308610833697925
25.72269942177828,0.7412717422012016,5.489815645292871,0.1277695370984373,4.379784051314763,0.0100053877201794,2.661245257338866,6.1154748208887195
23.747876687446624,1.4215575360654515,3.8477904984389744,0.3076239163633081,2.95028503120258,0.0304451655694891,4.400592858165437,6.07103767625456
24.231148769106888,0.912667436811585,4.292484037805318,0.1270450254368859,4.571537770996259,0.0118740763411041,7.26213339671501,6.630996285838121
25.266653415629147,1.228539722096151,5.016476951408182,0.4201426031289447,4.7184297642973,0.0210467823128359,0.1896361996456727,5.76954810059638
23.68639449647487,1.5068345417097138,4.892041236107584,0.1934848327641732,2.830713462133427,0.0382790594982286,5.935594495898502,6.453032543006811
23.23093972948638,1.8807896572587304,3.80779181267971,0.3160047658418042,4.950564418145666,0.0125075848648746,6.171587680385053,6.543298655757445
23.869254358741305,0.5786242796821979,5.131666249981236,0.4520316350245833,2.422134584146275,0.0435735396942401,6.413113644269761,6.411935081383673
23.48366386176201,2.0988207978180853,3.948881143673321,0.3603509476188776,2.60604700520747,0.0101527969063433,2.4960185918106848,5.861993826109176
25.78909295702772,1.7558007789818155,3.947635229645246,0.3131831146205341,2.5526745177140784,0.019872954768076,7.169121961443455,6.505802966141152
25.42436113869325,0.6635180638977438,4.573948845786827,0.2297335012461502,4.681969130023611,0.0396361622460828,1.0047757146845864,5.749889849133849
24.90021126953127,2.2471572482135542,4.685879869683406,0.2332007652232791,3.962877656974886,0.0226508059891722,2.0727763310213283,6.051900360870887
25.614381770563156,2.3417448010636264,4.660172415675622,0.3677947820792761,2.4563128496668187,0.0140756955226405,8.78695346187937,6.9114167471174195
25.411016230697346,0.6221559197097275,3.6829736747955097,0.497655744488467,3.320970255105047,0.0244093567520171,7.413359192193007,6.4251897149622845
23.559710176658108,1.0537552962944077,5.254921725260761,0.3647356759397514,3.845894075209406,0.020815731455381,0.236080984712318,5.709595495670355
25.67767699546993,2.1124025595861227,4.031200085177412,0.3231133669480099,2.25039225496815,0.0437084760864222,2.558924977661022,5.866567686605938
24.61802672574695,1.9965193807673167,3.759029842565608,0.3922602040956985,4.647249105222016,0.0225339167034057,2.2226241816323293,5.957896819398057
25.422320465492188,0.8690420387127546,5.277496159737955,0.2860822449134872,4.410810606324605,0.0415572988710402,2.7809826475660286,6.117002602550157
25.68827389977048,0.9186986466734206,5.411302996459507,0.124056937040314,3.515620320729915,0.0456748857924293,2.5508417257708755,6.0364860956095026
23.95401042491559,1.240944205582764,5.224255234530901,0.3249187263511639,4.901379845777512,0.0273526967830611,0.7190103278541728,5.888493922036011
23.33015577358303,1.4690459703820429,5.119032149449756,0.4830501138021521,3.253282937825299,0.0463977257541756,4.643511114308521,6.32849633426658
23.683805487625825,1.736509543060592,4.810483961278044,0.1701211769430638,4.952330957109494,0.0250927221585277,7.354061400383035,6.852640928653406
24.28132336587877,1.2378272791395448,4.601714741218279,0.3760019563282663,4.003759996410881,0.0485631366596043,6.10664407470262,6.502059930558934
25.45404429776748,1.4250694322662958,3.673973519822821,0.1803734754636226,3.9040138197618246,0.0135715809810229,6.761429519120989,6.47664240881115
25.58219174976903,1.994941876267513,4.316906426141397,0.3143310737892325,2.4978646858873548,0.0374807706601297,0.9033768675087676,5.675595905832912
23.02085639159357,0.5733664057811958,4.245377034024628,0.1386705798586878,4.645783274913931,0.0297525616182771,9.519758030750191,6.910524837321619
24.532241907732697,1.0048738886880415,4.019507567520653,0.280148374503274,3.282469063761845,0.0255059522182258,8.401069155045946,6.659182125006927
24.252233009446336,1.9266991717691049,4.946840227377169,0.4024653315580985,2.486700217347438,0.035308475149944,8.070394153107062,6.796106226458795
23.66632343141219,2.2904136753743987,4.491751470157542,0.2390286096955928,2.037822559927277,0.0381542836653732,8.247539669913499,6.756609283070906
23.35959610200105,1.5233548842313325,3.662092431815296,0.3659646897948873,3.679267050915148,0.0101745307860123,9.333834030514335,6.830676858070875
24.012845514210884,1.5642269705306313,3.940366403899623,0.4181799843158916,3.582198866368029,0.0166781235498879,5.488114264525607,6.314559746300047
25.82872911173756,0.7143440226795521,4.866517527319192,0.4708711277917811,4.158060867107476,0.0385218420253727,2.082791976889496,5.91475294842108
23.969608796062264,1.3948247336469093,3.6522617189806006,0.1938568327421814,4.670774159053407,0.0366554165431282,6.206157717740157,6.445946483304544
24.556371865230098,1.5652345329100463,5.202413828097537,0.2597263663237232,2.2382197539290885,0.048641900205147,7.454526787312596,6.682461517640098
25.109056876685536,0.9849410072694592,4.490293054027949,0.160966405332167,4.194489471021087,0.0404415116100313,7.405382194204852,6.6634297464347565
24.090888807137883,1.038486461898762,4.461173154653296,0.4969934008633501,2.5622358322927465,0.0480309083092535,5.2623453392521125,6.211654764514888
25.915346248162884,1.2545683262092453,4.684815569319035,0.4708003871697181,4.574531159471492,0.0381016200613922,0.7777413214024228,5.798788294452811
25.88734188482633,0.5401423955554527,5.149361931850298,0.3159828521122239,4.457190541584968,0.0219220883455777,3.7740180904582656,6.207792494617577
23.75534688747609,1.1441583311663566,4.195618415804386,0.4368133177505685,3.622381264956634,0.0142145968900342,9.215589423787238,6.845551978373964
24.49174551767716,0.9228960139930892,4.856032305118127,0.3083831909088169,4.130728395869935,0.0412729545337974,5.886044206598518,6.482161905037215
23.902634929450308,1.1549947043558293,4.631463927991582,0.3494342752011039,2.9430503395512453,0.0357659688590366,5.429486238231563,6.307275938821915
23.8545214831324,0.7395242636385024,4.034056540338843,0.1356497728464066,3.413503696798444,0.0119274404957318,2.761649792383716,5.817971659290427
23.1106608420636,2.28105456147979,5.257259972710316,0.4021081681987232,4.464910693131415,0.0244020186360391,3.747644307174131,6.419021579730325
24.82869300193969,1.687184907108097,5.094852043213856,0.1510853934540939,3.3777955915196416,0.0482719926193714,8.963926282616375,6.997335849618684
24.508037069686583,1.8582046382889792,4.816903669316851,0.4304270521010114,3.0733947959763253,0.030016045828408,6.6979841705156735,6.619160862427611
23.154436253749967,2.078342477214677,5.201163458188484,0.4128112350681544,3.4826373417509,0.0273091654407881,7.895131564848095,6.905856084594889
23.83593939270984,1.4968843978581146,5.234588401919605,0.3834978790971906,4.484747757311656,0.0283079842063717,4.598019688369786,6.448880981100016
25.724797657899963,0.6738405761748474,4.91672595343007,0.1144641522099048,3.005624142112618,0.0183553089602065,6.339447472615963,6.438963654981526
23.71868567200092,1.5742130836370956,5.174026656727344,0.2212513423781314,2.5212847794072317,0.0247482868345918,2.5589977265577546,5.987912523823367
23.43468461627367,1.6736822360417585,4.894942923338567,0.2052450279643371,4.136042060992343,0.024792530239487,7.084062219806514,6.748812319066934
24.46835828083269,1.99087894836866,4.860281543520601,0.2440545629886076,4.477934638124245,0.0120942008074988,4.333253203663039,6.41649208841641
25.9569513623318,1.3633190924593588,4.737222756430368,0.1350570987055354,2.3019124355706,0.0407027051407167,4.481200596665981,6.167905229465559
23.7261658145345,0.7551606055911275,5.005433279115282,0.4747831292124251,2.7196223382678344,0.0266601772761551,6.5282910133111285,6.4551447060108895
25.016406642217635,1.067551811597449,3.8172102105861474,0.3215208962849505,2.4259159692829817,0.0428871954726569,9.369178152542371,6.70713274346633
25.284858845986157,1.2261645927972702,5.261741518397857,0.2222097242632094,3.0438242347465,0.0440139200447958,0.7336628314253472,5.745514409510859
23.7129126319772,1.7918344826632024,5.243687055490464,0.2587926068297134,3.351052936716238,0.0184797621879463,8.264958049735375,6.923144403986983
25.184649045835577,1.6415566093378238,3.5584945660691183,0.2788810162019343,4.246479010889919,0.0362941392868051,2.994592793080712,5.965692383617883
24.10334939815776,1.2121934517956925,5.151633501129526,0.3402377333442469,3.9534427546450224,0.0288912721665192,4.49480259961314,6.343428200402824
24.896917491780737,2.47303049758596,3.7577397349468895,0.3062717710785991,3.8627857024352936,0.0452062695168594,0.3169419548725887,5.67476214433845
24.900589132282683,1.7115496387137743,4.170237708518284,0.4677567892857669,3.057124839828963,0.0186296271670581,3.0803561705597,5.978117358071364
24.607324052224275,0.974453583471989,4.987016512583216,0.2987853931623321,4.52434265925428,0.0371125280124017,5.076049302038292,6.424360056842998
23.270869310163224,0.7035649452408075,3.821519792096616,0.4968632059293251,3.413861502194494,0.0343100848901089,0.6561431657396463,5.472010741853174
25.505907486767715,0.805718278368664,5.135934048238124,0.4405699830980383,4.937314814045464,0.0218120591028733,4.961847720893335,6.448751302119701
23.962340194915207,0.9919154567690164,5.164268355915484,0.1834042057429343,3.9024264148872105,0.0154640361460469,9.27839522569843,7.0084464163227675
23.559555531199564,0.8213627465191113,4.514935467521672,0.4722380858575665,2.3787942246935083,0.036065590419091,1.1433928592672715,5.577212008205569
23.122325424664293,0.8731340481026115,3.5127717434336674,0.1465465591541904,4.028532686226302,0.0395438983252932,7.667963207947493,6.515412630165395
24.772678829564725,1.0701903373876942,4.074076266349826,0.4269798833964766,2.975312046295097,0.022625093750534,4.155743428422327,6.034106413137179
25.032693085526848,0.8467471905895096,4.733853836751484,0.252249317390632,4.058981590058292,0.0357933041608925,6.586219773790947,6.552760326545764
23.04976348678357,2.2935308492528503,5.462372356054847,0.4511897281780278,2.208923444487217,0.0258052363044601,2.6763423200537706,6.106455983480684
24.53627917489784,0.6604674913232844,4.7636270540333365,0.4472226760429801,2.524644311527878,0.0385282753313047,1.678973399159447,5.690393934276541
23.67948732559381,1.5490227791405091,4.019607162128319,0.4223701600470485,4.567211776717359,0.0179686109957621,1.6885798812851418,5.853989993598857
24.935518371228348,1.320793653979323,4.768011406199223,0.4160121745228246,2.6815386710705447,0.0456086001054469,0.7978702618671321,5.658775973169787
23.523099287014976,2.464757233817213,4.579970759431711,0.2218716556392163,4.51112337572882,0.0214963838586231,1.937902378522306,6.081840909655702
25.0728132143074,0.7240778043361047,5.059690790302287,0.1323677132205009,2.8378282653632314,0.0247114395102461,6.675771911390786,6.498298989497497
24.160206038901613,1.2957111980914833,3.713961277653917,0.2611920715060646,3.928645730176123,0.0123236780832139,8.828737057250729,6.762616231507954
25.810189966210203,2.438940866550737,5.022055805004056,0.1694098059946034,4.082451720529493,0.014460488492851,8.159844287352502,7.025028951800136
23.41256283243798,2.2310142517879603,4.582533157352221,0.3779804355609847,3.537964259435159,0.0306344761084931,6.882829667757393,6.689362207286285
24.023199053150776,2.13414414189856,5.4259840077179895,0.2384398906151142,2.915932030090194,0.0207037070691188,1.1932754477699166,5.930718394211388
23.340420563721768,1.0158056540898797,4.183744332077373,0.4902440803439659,2.6379331291132884,0.0434192090296877,2.962955718329904,5.835384584469081
25.774080854835688,0.8417751747801316,4.765243786267896,0.3563888309381328,2.0995680636872787,0.0105877355461981,3.167088065692443,5.899467081139816
25.632018060142943,1.837286439848862,5.364056211020035,0.4289922254537444,2.911839203722171,0.0251637619468774,2.57457376933645,6.093109729879037
23.773824883145465,2.358751978255172,3.7050194559813594,0.1530098690967394,3.959488371593849,0.0234938218707637,5.198556031126259,6.3644437851547675
24.979952138102536,1.6135257860278596,5.374456974472903,0.4448057929090491,4.814914455345448,0.010773105236704,5.401982767308758,6.634410010294955
25.451666600603648,1.6432253789397997,4.875771444601627,0.4691028762053577,4.613613446789156,0.0149747359600204,3.6331711541939913,6.290752017807717
24.665602434798387,1.0599581873205683,3.635674118210344,0.2948247675275743,4.298194329605908,0.0265457069967454,3.6025126714907167,5.996563755809012
24.58895173506802,2.038985866383874,4.101927133893632,0.342501175100391,4.365342029759896,0.0297145833778978,8.302700419270206,6.874449534178892
23.725556872701357,0.8740874971150467,4.916344177290563,0.4059239203611982,3.9949547104279857,0.0261715898901947,7.913999198364888,6.7644528168849
23.279308303417697,1.1473584728084874,3.634701202937544,0.169935450904165,2.780860572698009,0.0312375071364837,3.147178733639382,5.806893323772284
25.69164727385998,1.3508728772328336,4.664340920352546,0.301026430585377,4.72158509211749,0.0338052669962272,9.146505594345268,7.034206154148675
25.701254171489992,1.51522075736891,4.1917661139059135,0.2594652111089253,4.012196935717502,0.0103969528451134,9.53286866832481,6.979007466278949
24.8993043718198,0.9848194648301604,4.741831035534954,0.1585495968648996,3.68132189294132,0.0285638063781401,3.3347511660974045,6.066417960870913
24.017089373146103,0.7296736494784071,3.591484067625026,0.2470137689166125,2.3329684076404438,0.0485399696355035,3.6088069930512434,5.782478732910631
24.04762872383798,1.7212400848832652,5.2430736123047526,0.1272689237541974,3.3411666314192763,0.0307612912051819,5.105778118877392,6.456787413097123
25.17786703661072,1.0772611064805115,5.446977938354793,0.1103247627797948,3.381074813605779,0.0371016906983581,9.417096044083369,7.044485061044659
25.69133077985773,1.6624764428452246,5.437755710571383,0.1540665156619291,4.593690828568009,0.0224745543166753,8.775562388108884,7.125436057137518
25.661259272795352,0.8087254305484046,4.99930366348585,0.4852460446356695,3.6399446605633656,0.0409596551261105,1.1154228295775392,5.761626892985388
25.33962663757287,1.462280203709635,3.760172480261264,0.3198118143580067,3.141201646911229,0.0409168592750446,3.988034358387021,6.026750677149527
24.926094938462864,1.5651788651031715,5.016526391858045,0.486328864461288,4.930400985531978,0.0308518419061655,5.578374778522741,6.6090775386583385
23.252419894985145,0.6036470736448538,3.549173832917603,0.2729991513320527,2.332161779978947,0.0490405529311685,5.081011478260246,5.9705384267710055
23.48488614228384,1.1732085563878412,3.5442471030579945,0.2247264532341038,3.267645284935834,0.0150220085905061,2.0192443725752374,5.674245191886042
25.69566256558124,0.7688293538779485,4.147220438299082,0.3024567451360976,2.126074025514216,0.0106779065955832,8.602286034564731,6.587793641722049
24.81928717897877,0.6267499409455355,4.477286380809332,0.275804675453164,4.219712362300792,0.0408063284702838,6.801713751668689,6.530619520046995
23.02759115484989,2.4799204647798905,5.040814835615587,0.1422658737046975,4.7542296565974524,0.0422862214945953,8.395292911032856,7.109597597588339
23.304414628598096,1.144707689949446,4.866590753213011,0.3563305258760825,2.8401119886514685,0.014808289164823,8.601766365559774,6.790771498045002
24.990505307324167,2.119748891709269,4.391805412753497,0.1864152730038398,4.575025030397363,0.0206233133183442,7.508722951290824,6.832947993448796
23.01518475153865,1.0092813095275277,4.047253332563332,0.3478351819591319,2.8766546913856934,0.0107020945346651,4.448184952372201,6.048114776789431
23.48242415425249,1.8630054444478583,5.494249000315422,0.3600804369592614,4.732310484931745,0.0217323444312225,6.144412874652703,6.776568386384687
24.64620136809976,2.020455719779373,4.352362604471946,0.1608099412514592,4.261885710790352,0.0409256749567468,1.687617520585457,5.9416079513492885
25.07568559307808,1.6912774812156883,4.402774048659351,0.1245398508442672,4.414720330524316,0.0307184211085031,6.769089633001586,6.662118783143255
24.9558837785078,1.4431523771003167,3.8272476423833375,0.4123046344273759,2.054019666801364,0.0239238237267315,1.87460723181888,5.634367064172194
23.67280792838168,1.323681828294537,5.089619097499859,0.2839201695077281,4.888431071222078,0.0248695717962532,6.970100946050552,6.783432134766313
25.136537664042606,1.1977365330859906,4.887364451562977,0.1232655182021903,4.1800129762109695,0.0100541450286187,2.3730217914642897,6.017898792377961
23.7117472624904,2.3590582884956515,3.941539225577521,0.4979465268679068,2.9142532861584,0.0219920211026094,1.2637578714871778,5.740412193804664
23.976199094477803,2.1612388155754583,3.664762091231685,0.1231122243985466,4.488183994576541,0.0358583496655172,1.7363164524152788,5.876941641510433
25.239474215354072,2.430053821333025,4.860998604149426,0.3780140915434212,2.84456359524479,0.0489677777526542,0.1197221386687956,5.724833428229443
24.948898697141644,0.7485944469710895,4.809022428562271,0.4934715701053654,4.618261518698384,0.0438824330793559,7.215522216749949,6.68972073577523
25.54767023148253,1.9617349504072883,4.046519053996419,0.1956720416863702,2.337741171235811,0.0109437985858211,7.350770385677953,6.553253999733313
24.97283867690103,2.376680913642076,5.4017271245008205,0.1568997474748784,4.111057932382387,0.0459424241869935,5.197840164141269,6.643339385947312
24.70492581000641,0.8624661323313203,3.802115783561801,0.1485539757689715,3.622095429934731,0.041327936531945,1.6974917304482988,5.664925818746779
23.28102430348428,0.632992534733555,4.364669602085204,0.2213100590270382,2.2896034105863223,0.0412150449428392,0.9271879413558284,5.4915915955109025
24.103147409178305,1.982241298580118,5.387231840335198,0.1404183244042587,2.725681484776517,0.0283198303601428,0.2893767677291414,5.7596821073923845
23.795607103045175,1.6489462263598238,4.339454633852244,0.3768645366776527,2.0372121088319446,0.0259202117181801,1.7409069519556852,5.7107677038257005
23.73196893013725,2.183657553516544,4.777051895328171,0.124916719252025,3.406303896393517,0.0221166291533277,8.919469796333154,6.999921421253733
25.919031664257336,0.779544753252579,4.295188795925588,0.3037688512599159,2.9037957822800013,0.0126277943581746,2.49121473284665,5.790558981613321
24.17929317400028,2.0905346237197806,4.04843040469734,0.4986787415411907,3.795072452893277,0.0191294145397479,3.6072861394504354,6.1405346103141465
25.67613966553134,0.9032546400954892,5.467955295919657,0.4255881078024075,2.8917134231258514,0.0198641453991209,1.1429202963651988,5.785769038387391
24.89341587799179,0.827311885731409,4.318668012630086,0.3460877752924043,2.899757334520954,0.029363082788408,2.301376917006886,5.766857327203416
25.384433910624946,0.8285315958619859,5.288198407358269,0.2225014483146447,4.22957959619481,0.0398977762638677,5.240323250724031,6.455545622734176
24.50791127931557,2.129149440462764,3.959909211782173,0.3495583345166554,2.14442850793506,0.0289523931359178,6.11675156264696,6.359598361054799
24.73071165387908,1.8303944413924005,3.926209408050167,0.3108165855646606,4.708684985575962,0.0123137779778864,2.528987910245489,6.013426161924036
24.47755308145659,1.5461308495382386,3.562268165769023,0.2704333535561486,4.556791623173544,0.0483115920395281,0.6715483763286604,5.639832120337678
23.58572896339413,1.217660968247005,4.80333365075177,0.1522841506960798,4.00341404967922,0.0477089727637644,3.971225404361247,6.217054348101639
25.16735634578452,2.254401081626217,4.237052687447522,0.4546416860961867,3.779664710322153,0.0414075817259363,2.418613372170708,6.020338937034664
23.842317087322566,1.2848902148452708,5.228716499679274,0.279913859528529,4.676907494418957,0.0496531160625688,2.273583839975039,6.100995735130814
23.072947899294363,2.133198878943154,4.446419813383114,0.177849004728306,2.5559905385861432,0.0317792933120105,9.602641746863206,6.9679590650625
24.936416887721503,1.3782698171404368,5.436386855829444,0.2471037403509158,2.236907486572486,0.0485107340101282,6.201374810664668,6.515110697841754
23.531332038221148,1.2538888588498152,3.8710510314062425,0.2656519010115708,2.7185305097286143,0.01302420162467,5.613096587403749,6.209740949961114
25.821375753058746,1.4253595713392129,5.237246335911221,0.4310151582267497,4.383734836100571,0.0246272299304548,4.216173524880887,6.386498800617366
25.861785731007764,1.1027557483282842,5.053193705583484,0.3934457522245608,2.10401080017945,0.0190152507202706,4.346548900958428,6.147089847286322
25.744593170661343,1.9952187603525025,5.041843689288104,0.4077219574565359,3.748420505250469,0.0178333233653708,5.454959537997,6.552415623372225
24.11047610076633,1.5054407801849583,5.189566456233775,0.1044125057714588,4.986312548573929,0.015632117955707,6.994655089657462,6.835049813118038
23.046369849586604,0.9644253902936346,5.022047981885998,0.2664615992719046,4.567088281512618,0.0348965456626398,7.051246352200112,6.711121668223283
25.784955687763176,2.299149146549137,4.752440643262831,0.2925376606541294,3.5643370671307686,0.0412528742298922,1.799769686283951,5.99962274169158
24.28455244495194,1.2677824427464228,3.762489755364775,0.1076769107292226,2.190922727859927,0.0331319359768144,5.051116245558607,6.073123427790938
25.89996445713101,1.5871057222279772,3.565052358982504,0.2039252834980137,4.49412054315713,0.0158785083835283,4.17838514083761,6.156428259354163
25.89085993126776,2.3129442219290937,5.3416956956313735,0.404115929248854,3.796935524531632,0.0424449507973388,8.718216966066903,7.115453965669067
25.55902836640208,1.7484759918279842,4.7333006290414765,0.1548438822915996,2.3447989911787004,0.0354381882865491,6.351047320061926,6.487319136746967
23.88334667620876,0.7337960814167281,5.093074581952353,0.3141240525810367,2.2815718544700685,0.0255266282450798,5.37179025751822,6.262239584139328
24.15529318580577,2.37966424722695,4.4630447030251,0.186080748806895,4.728880458309777,0.0369652118214425,1.2424069575712822,5.974224025891457
25.55341001455057,1.7554161061428355,3.734616377924789,0.1048483098575573,4.007600788814235,0.0203961991697133,6.095815104301773,6.438782722843255
23.950766015468837,1.1698112293141725,3.7503715844051007,0.1964805830398166,4.487860397950266,0.0238076883397684,1.260318666234311,5.699770713232814
23.50847824005828,0.7785441453267745,4.871130574457943,0.4903495019640215,4.636936700846801,0.0466994337252796,3.4383450981009456,6.14866852167877
24.67040378737505,2.088050378540592,4.360611789798925,0.4206148447531959,3.715317056144967,0.0216201802268568,1.5141354516618857,5.879662422918427
25.808464322482344,1.740145511857027,3.9010494534006734,0.4838306577284134,3.552339055265124,0.0287995307263174,6.951529105541252,6.548911091414189
25.08808939002492,1.566922183952643,4.483189093482874,0.295141617570545,3.2912822309629703,0.0456056454958405,2.1418959269779108,5.892760210528953
24.71018351026809,2.2877851661019157,3.628417874150269,0.1438944794710014,2.9508397633733576,0.0383088540107011,3.9794077945614577,6.087193335414197
23.291529481312303,2.077194422449061,4.663942803828798,0.3191837955894772,3.3037878825761355,0.0124881290465881,8.967180298425909,6.965507341016446
24.84502168009751,0.8033497594655024,4.037986808870196,0.2817509338239843,4.321638967190469,0.0158921217711588,2.122732195649806,5.8144793245774675
25.97016155031279,1.1234441355910965,5.095118201274376,0.4377428330958464,3.805770293045395,0.0103136636308766,5.127270133191913,6.41262001277318
23.42025204570957,0.9969782796289316,4.120723917847148,0.1392330323136978,4.677569869864538,0.0352368716091665,4.250789445543617,6.182697860529137
24.55498895709121,1.987892585145354,4.410440298163603,0.2952964548087112,3.330140043137563,0.0279069370164167,0.2794280063527243,5.663072668105334
25.632119215783867,0.5670648694715588,3.5232410798162013,0.1600194658775937,3.821268736156262,0.015370994036091,7.948305324370846,6.5155466809441815
25.22230585326261,1.639779369742633,3.644893775589118,0.229870370756024,3.893922659275966,0.0483173648422708,0.7835544725145372,5.628246307698559
25.091047222985804,2.024917371481381,4.284987112813369,0.3949428309551198,3.775091486918976,0.0311863889578247,4.795124707671841,6.344109654053694
25.107452251961327,2.2535312735234987,4.459877669434247,0.2904072517475066,4.107901319256549,0.0196757317645155,5.6507151198956045,6.550981336840122
24.078473453659264,1.184163497431815,4.700041096238607,0.2503553140583077,2.712300405124419,0.0300241428461883,6.321421920484412,6.432466692712678
23.88077553279348,2.1425146093440257,4.083325157418607,0.2577905114280141,3.537091332637372,0.0371848133094043,6.917453130147968,6.610179906283273
25.42808346643554,0.7212634739104145,4.889963772253085,0.2837787073623946,2.312674408425043,0.0130495687189425,2.60739659687488,5.838764717042379
25.430340184037544,2.192904583469036,5.220244794378409,0.4140066175348228,3.1535339829344378,0.0209881526019156,0.1987898889186488,5.788842503126814
25.601216955740316,0.7549773246639648,5.0597019777867,0.4568338755760938,3.4630012058637933,0.0422786196353597,7.262092257313628,6.6417693411900185
25.739721657669413,1.2945745811207343,3.5792376506967143,0.4821338746015713,3.956672778636417,0.0283865948161064,5.403000333541028,6.254408035946836
24.53402719658281,2.0945907315591072,4.461013894515657,0.414761354502118,4.851593157758611,0.0318630856812918,8.377565261751762,6.987115057191955
24.5045488840616,0.7998348546975476,3.7098603568363497,0.2261627582992051,3.801953199645068,0.0273126400883787,8.231744792716873,6.606077400414245
25.394885536900325,0.958502790465283,3.984090031725055,0.3752538824346169,4.23078174852968,0.0117559977057202,8.448929061100044,6.738806988511461
24.949891792333297,1.9445051367861328,5.473325186534293,0.2750412496221568,3.5187981784856084,0.0166299911928062,4.902437133797448,6.508613420668473
25.10590063177311,1.9400730730921487,3.7849910858030262,0.2018682488184204,3.9023120941289937,0.0278216655496756,3.4029211187849704,6.066645814000827
25.387378008308303,1.7822952657705946,4.497776306902712,0.4363486317703691,2.21279664840132,0.0183674186163171,7.936426205654563,6.673373177528566
25.6700160254527,1.8878968889342,4.736311468636238,0.11537053958493,2.763174742525541,0.0119991611463871,4.567811718989623,6.281501080902208
24.01398547055461,1.5854488866951923,4.904929941088208,0.4607047968541694,3.085559279615416,0.0437459865620729,1.9160777443940016,5.9034271259297295
24.126748857919832,1.0035981178139055,4.619297366973829,0.2845909858498937,3.4174800650195407,0.0492477011665646,8.564242793658597,6.783277672992201
23.28194581952261,1.1913919870078389,3.5195416948383675,0.3548805907233122,2.136946236507151,0.0417257149598695,8.837342780046239,6.566713615518752
24.734840422988523,0.8631954336028513,4.152922616487984,0.3637415688823131,2.420072292659953,0.0441513968681866,4.716466585787684,6.055674827158411
23.107826821390223,2.3169011226672565,4.535423286769423,0.4580470962826145,2.830442923373917,0.0196790852126818,0.849427300366896,5.755445401714061
24.39679405439738,1.666783589532241,3.675732998289667,0.3546678728668829,4.914598072703152,0.0484250790205279,3.93947829017762,6.1758169068085405
24.62793390412273,1.3017028335272798,4.201253862418362,0.3455734339040247,2.9940410213091524,0.0178770281781371,8.055022828679773,6.648874602102131
23.859623756384853,1.4240116072882654,3.566406217582733,0.126660816224276,3.446123174336248,0.0480571924144732,9.027562882607665,6.742975036955743
24.772499781707037,2.3945666792236304,3.6571569943100415,0.3073632087780816,2.588293138215179,0.049792771758638,2.114380150726199,5.803352915826727
23.091500749817147,0.8067028062321604,4.293846552403192,0.1600676003268166,3.832340213227305,0.0384689122298419,0.763038759050188,5.60676241120243
23.112044566247643,1.6724596640335945,3.7654315080861207,0.3949735074885943,2.842049646547923,0.0492457492716728,8.785769486015102,6.713482435366641
25.467801681978976,1.511777357768932,4.635081696523116,0.3048887683250698,2.620977735315281,0.0327815911826841,3.9551088958908656,6.118066164615383
24.080571924233787,1.7229084708692957,4.878929938274531,0.3720911116833413,3.5497178853379374,0.0203816713270436,5.463433546248877,6.470756826184475
23.38118153795565,0.536220367641681,5.101173398218165,0.1166691602409537,2.0165173974812625,0.0274798354266248,9.683851539302513,6.841185928453571
24.56672978016441,2.244247817888303,3.90030048848962,0.1339168064183213,2.022992097947676,0.0337424374151514,0.7589908063508063,5.577010861938524
25.30998065929583,2.364236564967225,3.83496516451814,0.3865293552250729,2.657206427305573,0.0129232624810806,6.518348273775746,6.474505781881602
23.64746308249053,1.630266367178418,3.7091356806688,0.1288337343994693,2.110164087502463,0.0348937305846898,0.833643683491184,5.486710994865055
24.868671427457,1.8933016477537843,4.772860499087273,0.1285026911061034,2.3240772623920742,0.0492471134704917,3.817142391818354,6.137884336893967
23.256042394981304,2.344998762354592,4.912951452973802,0.1048433900939549,3.016581948016255,0.0176043059913491,8.057763997415123,6.880048995316139
23.15504516350582,1.9144772686267968,3.563172289651284,0.482600559319792,4.407757038739439,0.0417038046515353,4.3913751042807805,6.205499008413495
24.594063894704444,0.8050780858285227,5.372424492487379,0.3950033437836028,3.716145930107903,0.0463159517511847,9.972105303639209,7.105291334409957
24.62190536483032,1.6525767203336263,3.603942567302945,0.2413005634008256,3.5380031778692493,0.0477480637128088,5.634686920971362,6.295145946248004
24.91228970449462,1.7134300927657118,4.582592670602141,0.2186142325150621,2.880466469624365,0.0484054241762178,3.27950531109594,6.055710041829014
25.178274001167985,1.348261342604772,4.918121038901833,0.2398812918983398,4.795261158298449,0.0308583855488588,2.2791021264570563,6.078939759888405
25.9275562383876,1.9728884712494457,5.241938247492171,0.4098614124724727,3.191045123711575,0.0490923163196601,3.5701532894330024,6.260613007806745
24.548901044903587,2.3687340295380297,4.928173864264855,0.3645482444281658,2.2612783003873145,0.0402924082853775,3.788079410219553,6.207890640807106
23.968869418823736,2.3511370258135527,5.103456166139583,0.1740782271469871,3.851199548353404,0.0164668574494784,0.7802654094672137,5.9264414295865375
25.38555858430611,1.4016787428082642,4.178900385085612,0.1696437341336337,2.341515180429804,0.0290760042587188,3.7587845743250554,5.983133522959866
23.812496753786224,0.7264760916815105,5.129650227493024,0.1393582598853589,3.0356694284050763,0.0387332470148801,4.695961345418326,6.232030821807831
24.31691426211691,2.469682397924669,3.6602296927693514,0.3641210878805353,3.522235816153427,0.0198936126327633,7.255103747164166,6.635433071596777
23.2353691440268,2.177796172891868,5.289633312121056,0.4057490648886944,4.622667574055527,0.0356246073419554,6.601621898743919,6.839688810970996
23.07605223024637,0.7493253624065337,4.595184752307473,0.2060185713300016,3.480639741020356,0.0366640191618647,7.116779986768627,6.538599046366544
25.887945244033777,2.3416837652347446,5.134595539924987,0.1083779844123651,4.106776298094992,0.0165079897523426,0.1828004505808853,5.87444070887342
25.50794036153662,2.239792724124257,4.4046365690366,0.1328686669905709,4.978450516997211,0.0326034124981102,2.254907255847307,6.123141153795329
25.08792261828109,1.5376761142521442,4.78715539039305,0.4871440139380122,2.394467359693945,0.0408650764391443,6.650674455158579,6.514569376481409
24.226858833242808,1.6825508714898585,4.552805321872226,0.2181779109909681,2.8241945765585585,0.0299558265814376,4.8914947449794965,6.273321314821819
23.519882960212534,1.2980054077402603,4.963179043510664,0.4076892591352534,3.1837282267929394,0.0104841246710442,0.1526034091166248,5.626990633442018
23.46931112801326,0.6095232776440627,3.6632599640611794,0.3498654275417055,3.265484535616494,0.0103615387631716,8.064496960075042,6.501067675443592
23.750728694493787,1.1703944832918018,3.620704167981128,0.2527758558611583,3.2330632257966374,0.0242811737588004,7.75081477557434,6.516246405748868
24.647679994118363,2.105706897196023,3.994206468020293,0.182274904878222,4.7228330076696645,0.0470477627372712,5.52934971363627,6.494064277609139
25.143787768100182,0.5092640460092057,3.8190893602263767,0.1485545672637626,4.142097933400569,0.0191470711841443,0.757986925185094,5.533852334313819
24.980592130153195,1.1669983433822884,5.243567133184404,0.3460051872155466,3.823715642272111,0.0353745475548674,7.6884989903725875,6.809191731180112
23.839801690837827,1.2963373871818866,3.9384279747160886,0.4098535122551152,2.928118153588346,0.0188830348277328,5.878764518540503,6.282624740582774
25.864595841989583,1.5747912058758458,5.451730511638263,0.3575617014164522,4.471371152663885,0.0228667995863819,7.841403773863796,6.971466060265312
25.213690750087306,2.339711232825521,4.173791583542213,0.3121208532996633,4.865181534454967,0.0439216835840593,7.54229522471882,6.856739508853428
24.663062157534203,1.1926919887319225,3.864235831377399,0.1167804893726545,4.463594847650679,0.0391544576907978,8.049720512382589,6.7075100231154945
24.835162238703056,1.1939064037924554,5.079397014284958,0.4873955110377536,2.004695315574419,0.0138159710925284,5.228279857405785,6.276567991678403
24.25880018728337,1.9750024962194968,4.817415551001752,0.4194856766618299,3.909204110550221,0.0271480808394573,1.4892127301157985,5.945971139693716
23.74319296850347,1.4044358817796143,4.496391432906278,0.2171288146803859,2.1534061443263024,0.0111667905458105,6.744458986458918,6.441202514959405
24.067918035953785,0.949209645879964,4.610727101875263,0.4919881317435403,2.7728216610011653,0.0292356058641203,6.242690472014509,6.383424243912257
25.27353833139311,1.4048790322653868,4.938403556544528,0.3407526358545288,2.1785741010433157,0.0364973604680427,7.448306553270963,6.620293106299043
23.043180465889268,0.7817140407595997,3.9569094826625975,0.3329690632828986,3.8113863588481633,0.014740104943926,1.7818219599022798,5.698068914418945
23.34821792152075,0.8527739730124466,5.492667832113484,0.3992292717718129,4.059769740477821,0.0215553975563666,2.030254479012864,5.998647379191807
23.138007926065256,1.4967355454789597,5.449586324293566,0.424707915236055,2.3434629141977155,0.0259134650200862,8.915054220471353,6.9252012616366425
23.12218640695691,1.3378508990090958,4.800651372693874,0.362591442932601,3.1515166491349387,0.0467812409862419,7.524780204675501,6.673133993680073
25.56638175203302,2.3296918021362,3.8990849018582905,0.15123829854648,3.368709526866626,0.0497302006169185,9.091462038133196,6.9151826993401695
25.110973578140072,1.2247877982332662,4.860456484862583,0.2353070023977993,3.1071590652827497,0.0117964519598246,7.611281679522815,6.687427018593786
24.42252148726197,1.661176700556087,3.644396817958352,0.4712334561304199,2.363075001455579,0.0404403169398156,6.011837529303988,6.257095556297342
23.29350248195301,1.7645285758390608,3.5613050044116124,0.1898462447375407,3.256843370562426,0.0248689626560937,6.575914096575949,6.40878561585779
24.4748476253505,0.5261889131766673,4.015365777022428,0.2488668095350053,4.253534143425254,0.0256983274491792,8.902366447006099,6.754301015619179
24.420415312341696,1.8270747440334207,4.425245913478633,0.2728307531776784,2.2130229935997665,0.0401705989338809,5.830186869668211,6.3574380746760095
23.519605609730046,0.8560719337395029,5.236545010816761,0.2757619958777809,2.2405400422457102,0.0467370572858163,6.360674110851035,6.437395681584944
24.30155494771392,2.42214063493891,4.9543381395326165,0.3451758329978102,3.0643138755079526,0.0480371437801019,1.649119488435646,5.973960982633271
24.19551420319212,0.7973254555062259,4.985413042399962,0.477230335097883,4.825177134856775,0.0330849034415328,4.791820079149416,6.384124305092582
24.847550294156648,1.3292482474540477,4.350986668896151,0.1962770847330019,4.005717940168742,0.0242848463720201,7.192331408385179,6.636001810134138
24.905280952602933,0.6706993361572877,4.191869985093926,0.1486005505203672,4.036009870017694,0.0415019634343511,2.7823327133320177,5.894123016695415
23.13591202931613,2.4937485036918945,4.242077525969205,0.1789881959439749,3.085759972513595,0.020040055330492,2.102316387192896,5.936375551203353
24.12383784387941,1.5043900206624852,5.475299127472116,0.4547699600837078,3.780982373625615,0.0325629611533407,3.2068854014217143,6.226652502203846
24.877579747142708,1.6907700346400876,3.580218382824965,0.3583243250620824,2.03039355208323,0.0243431384609949,2.490856217129051,5.714168676772614
24.509408775740265,0.634152954776855,5.234062992244898,0.214362715695664,3.9082881392286266,0.036265242948315,2.227635106660319,5.954805425314239
25.569469523564965,1.999920940798356,4.657350817144787,0.4263787755874469,4.73986084272871,0.0196159565157402,4.3060233443940605,6.409957507441595
24.976080894856835,0.9198111861911716,4.377230838379181,0.4445479985453744,3.8377204050344575,0.017663717829393,9.087601287446988,6.851438059255296
23.488803281244287,2.2961085788814275,4.950515320830273,0.4386057354761112,4.621095780399035,0.0467295634670174,5.119890502713311,6.588446856182143
23.211706242201288,0.9102792809640144,4.473337882849406,0.4675706134558218,4.171919166398281,0.0140721473179814,1.960411770071698,5.849068292554092
24.927257834618946,0.8813754413273331,5.246846476163321,0.2008964080693446,2.361675249211071,0.0302383163093972,0.8620195268706533,5.660869317668199
23.079533931624866,0.5730993356961898,5.3014037280225175,0.4020167714985113,4.707359921857526,0.0188341113185203,6.99194583686546,6.709001781177312
24.75732674382039,1.4441338902199985,4.343441853746911,0.284215798909656,2.1993315330673244,0.0115571985330266,3.88970776792024,6.017031577170334
25.820690724274872,1.6296822665252328,4.053655594470103,0.4367994211560246,3.6019024176432914,0.011440752731657,8.236126371195057,6.749487331724131
24.72642253362764,0.6314172788567047,4.684700657186724,0.3913962708646453,2.426411371380373,0.017008870884233,6.6291566095436245,6.3864737796120306
24.164509778619564,2.051055233390021,5.324726691233382,0.4105789785998899,2.035119832192712,0.04467081418024,7.982790360359548,6.817672227024458
24.92986465532706,1.4065776694960552,3.921324378011333,0.3624647350724286,3.266102780382917,0.021299149759081,2.792265790242643,5.879151267065735
24.37475867147455,1.54878053865516,4.745933167126966,0.1709715077878827,2.8851221229624686,0.0480183668230118,6.954353332364476,6.591930312812144
24.636850367947805,1.3815254938764563,4.763120440185041,0.3180107675587753,3.458001481392809,0.0332648917195677,2.714213648467816,6.007533584554208
25.824394426329576,1.301526121750652,4.966226044830562,0.4938678958098033,3.731599660203652,0.0274645675907506,9.396777946557886,7.02768627677249
24.15830791340232,1.6192806626164358,3.76313537025452,0.4749552265988476,2.131217216926842,0.0332035533867781,6.400105387180406,6.305635669269114
25.883571691471744,0.810480491861425,4.931649929364177,0.1172694943188046,2.369009885371237,0.0306679354090507,3.312666821735887,5.965724155975662
25.716051925868197,0.8638562609905422,5.318065041331282,0.1659259262917748,3.675927189351276,0.040351050150293,2.768167436693499,6.060692743051581
23.587373404367888,2.2235712420270346,3.859366217740484,0.1526915093818247,3.0295020595179745,0.021299842638914,1.990173192209271,5.8265612496704104
23.208083902625496,2.392230924267265,3.9750866498477553,0.3903919639941182,4.187520462648344,0.024122015664012,6.976945493047905,6.683730528787462
23.30233400413228,1.246618632559506,5.442790188083279,0.427114131942778,3.956874945775819,0.04576377210133,2.26528456867948,6.064290516719941
23.05466547695465,1.0414893462871075,3.86195390541898,0.1854045465242687,4.536813088969721,0.0478582605260162,5.993502332682142,6.3881286206055865
23.283328882267785,1.7879990864780315,5.208770186739159,0.3023410771807316,4.077478480007676,0.0457023290994589,2.719886766561038,6.170905541359735
25.04902032024907,1.3174683421961928,4.48455571289607,0.43628121120448,3.289793232170444,0.0267779197582925,6.653492553459299,6.517139267414818
23.213565945380687,0.5507727113206897,3.9944621488063534,0.3931206179065002,4.018899867183297,0.0412146201202752,8.167903312551339,6.621220856805225
23.956926890881284,0.8123051947323807,5.241499802545023,0.3168948821967393,2.826143522766256,0.0290534293320439,7.802449907132066,6.693419494885456
25.53462593290836,1.931944457694795,4.390610510005331,0.3361390761835091,2.918940496334638,0.029901594085844,7.632428176214739,6.691350720420237
23.06981580720748,1.8178478838203027,4.529634707859381,0.3033442187665119,4.36695547976238,0.0181872043622913,1.958451816353296,5.983851187111034
25.443405447766807,0.554191985006967,4.218466738799531,0.2190193805275282,3.339258549204746,0.0336452121303406,0.9750109751467352,5.565609099800033
23.8455643243202,0.9439443238658988,4.685901702869855,0.3260087971436064,4.395141021555057,0.0174454359101339,7.019593402025118,6.642342372552326
23.35449448286497,0.9621495931761428,3.8270477451700455,0.3755541208200362,4.467267121004835,0.0232625879626877,3.746637416564078,6.042158725950214
25.09021149609245,1.8437854871974568,4.282163073303521,0.449329166344323,4.572687012983852,0.0442012080647974,4.380227641393138,6.328220737416215
24.886828540339653,0.5394210755087283,5.438824644670575,0.3545165415916992,4.749905707523622,0.0182830323684342,0.4083760186545715,5.782461217542297
25.63241604058116,0.7082171639691477,4.016266865402255,0.4044486148172632,3.2929556615398887,0.0128463314069373,2.6698068478229877,5.796426089765566
25.205213131411657,2.099832170746379,4.813473329082584,0.1640286539818292,2.9566004549634166,0.0127603037045126,0.4333963983571938,5.732484336781672
25.410442791154544,0.8570893241086672,4.15038012844939,0.284622989767916,3.746596239782342,0.0476313808201243,8.803939148752352,6.7629655336051915
23.84610371771392,1.8054922157037492,5.0469462513732015,0.1037326479308373,3.1135172703128826,0.0302768175184733,2.509627163863452,6.040142791472915
23.53231863133917,0.976365562093453,3.7617473214367,0.1986715458086492,3.803222500400699,0.0263764828726807,5.61763797877278,6.251144185158976
25.25184425492257,0.6988827855186903,5.43964209015709,0.3905846860452019,4.116757587931474,0.0424351432403167,0.4858952745451911,5.761936797980374
25.420504217801792,0.9863443819989082,4.407579082767279,0.4967239805397454,4.06521505547641,0.0434330371164206,6.701789173926015,6.538964600638549
25.97151542600202,1.9445338637113183,3.972100926692928,0.1396712398348863,3.123658661060364,0.0232876413246241,3.297970722965529,6.019501889193931
24.23785303073428,2.2113929362125715,3.646993494660025,0.2605977263445153,2.5005806050962587,0.0377447222989518,8.989399950880891,6.767888752308144
24.116054257378348,2.160439729133983,3.839515810175081,0.4200283874796638,3.2915880153866226,0.0408449126340754,8.892370070446955,6.842365224820297
25.32923888222599,1.2943670592369096,4.539547897112035,0.1816142538515595,2.427782432245726,0.0361860274746381,3.320377121781303,5.968198450333814
24.022410620759054,1.8361702731412923,4.174006352862572,0.3220339797209145,4.670291105551425,0.0160638029920039,9.019512867335632,6.987568665643304
25.792271976810696,0.909968590831642,5.157766731765219,0.3932285184118699,3.037632382213572,0.0450353233406822,9.96196096763791,7.033008264491857
25.57523825552904,1.0862954605220263,4.361775047323611,0.3463941801040716,2.463379241669972,0.0315637821094403,8.271615074827086,6.638736575988601
24.286982082125053,2.29267163704224,3.99742854517526,0.1752098938461664,2.0763432797172525,0.0212988970548001,8.464226342776767,6.719593942944881
25.25261320337449,0.5260038470214721,4.73428997320806,0.2421538274742957,3.937467158859453,0.0270091274175077,2.5651864874799903,5.920743399006879
25.263628622254046,0.6710170617089362,4.913554433770892,0.4135167137941589,3.9107069523642295,0.0115028436159562,5.8093537486917874,6.434258627825654
23.3093716065078,0.9157725102920546,3.8340838158019,0.3216906056528066,3.021812499743875,0.0151146720488967,0.7658335482769417,5.4832720133489925
25.7076587200387,0.5530644077476394,3.8352384325766353,0.1020918454171651,2.215135666542953,0.0406218700206344,1.0396875745345302,5.423784692111026
24.51575711734357,0.8628708701795946,3.5733428538670857,0.4043963040112376,3.228886684685696,0.0100004653902146,9.989036859129577,6.799799138977404
25.479372398323225,1.6660831219393843,4.972804030131281,0.1141245419760956,2.933652485190181,0.0266626331392916,3.3337285693165186,6.12462002585127
23.96014880309184,1.342849101184996,4.82760905524361,0.3982935130924928,4.031361919205028,0.0309004072434235,7.507020729283579,6.753206960847175
25.6865696854886,2.2853434221539497,4.449261751499628,0.1809922240660949,3.817337748358071,0.0121853768000388,8.085984024965484,6.88558302616252
24.167605036202488,2.134887123476882,5.188340897938394,0.483229392047752,3.09378118459262,0.0489231265188933,8.594430382971568,6.984695495498263
23.032512954440897,1.183634703395752,5.111340305900106,0.2471763005208338,2.65367766276497,0.0190450132499868,9.97652014428135,7.01556998923323
25.71614592925779,1.018846866862585,4.670708728793504,0.2307726465352316,4.964107898466775,0.0221679487854512,2.490815204042992,6.048793929056023
23.2738600303584,1.2593848163345338,5.236542561026518,0.1595552201329778,3.3620048635883446,0.022157700490201,0.4994731859110271,5.72842498939176
23.95794091277125,1.6805898850296157,3.9116824200735367,0.2222416861960859,4.064822707340712,0.0192166664846939,4.170796028146401,6.173653947064329
25.85018590115241,1.0361272816457523,3.723839238795456,0.4506603047312802,2.421658902735082,0.0100589528834524,1.3877986313065749,5.533607363609262
25.851821440812667,1.748297815698268,4.039499223033979,0.4985337350508989,3.456769098978193,0.0391737917635198,0.3220163027043457,5.600432571933132
24.720313664369858,1.3188233043824809,3.61417371217863,0.2473238122027393,2.082610159608397,0.0486738199919714,3.6682255887007127,5.848833225175026
24.8955116365094,1.6040943617039605,4.562339056002064,0.279444252381817,3.51636535373135,0.0189717393314018,7.859008685644841,6.757455795761599
24.34533656593496,1.3722530582706334,5.373211384589923,0.3888283752810948,4.892052221353107,0.0365218876721369,5.705188843128202,6.652299402540782
23.879632315094195,1.0889315190838351,3.5786870813370197,0.4544783121860298,3.152620138957401,0.0396758530783486,3.196502093182505,5.832130886630038
23.985993636109747,2.3969066139243136,3.7442198280200536,0.3372177336747136,2.1169880377247345,0.0439370151636209,6.577985854377925,6.421516912308425
25.017555368231115,2.0272115883195214,4.404398056566871,0.2566102792711318,2.0928673727580307,0.0269051678805443,2.3969799850572264,5.873000390061227
25.25712358831304,0.7802263515329051,5.36775003505581,0.2650487363394495,3.1639602798406083,0.0221172362256171,0.2423763161136417,5.645806268128643
25.374737131177547,2.2369359517958256,4.132312209953501,0.3782472585987227,2.480074809389582,0.0230118053609212,7.667098525720631,6.656533453048814
25.368854428383663,1.4748623964990273,4.514469617376784,0.1012873054417114,2.0700562889845577,0.0385048533239405,6.27505654015369,6.385764452979002
23.27361830914607,2.289104453788183,3.583145718100784,0.3478357349839363,4.26864084185053,0.0426711786602254,7.646795982559504,6.716072466521185
24.483260914107746,2.09971051189463,3.7966864019241777,0.2421972041765429,3.375569026645672,0.0172645587102641,0.4854863652078895,5.616797404112885
23.17267628004993,1.350427008938467,5.473260245917694,0.4176789325108337,2.867734315917964,0.0248376403263106,8.387484315523457,6.878549199699238
24.648586646971207,0.5449386166402348,5.430237392872091,0.1371962559292528,4.700249549049442,0.046077607869966,6.233309380359403,6.622778496326331
24.32459150412013,1.0373547187698922,3.509879961868819,0.3352809067793562,2.348416880601577,0.0422677407877895,5.677613972055137,6.110639643451519
25.6631125482749,1.5832684293217338,5.403623570846478,0.2923891559544495,4.867756486865957,0.049394336110499,6.283679076333862,6.771389071692928
24.05274503765624,1.7669564396522943,4.778239875631001,0.3569302103620909,2.9419001521320585,0.0401699303872832,8.657889143996805,6.87360925951859
23.351201049282817,1.0157753708664046,5.235836589040044,0.1259414377931873,4.665211016926044,0.0257278080411168,5.91067141493318,6.594258391598741
23.428975046158502,0.7787121481456483,4.409479711267718,0.3319935149712525,3.8088286294383846,0.0336255133597855,5.851408760892976,6.359259995603898
25.284531895152416,2.1698604735985985,4.531192057158501,0.3245938351838094,4.480122079224462,0.0364405701698928,9.90772365495108,7.20191560426076
24.854654189948786,2.468804361407104,4.477693160513841,0.3242640377664684,4.952039489631392,0.0131382326526849,7.591628653978823,6.931268413087727
23.30336802836837,1.5513803646053717,4.833728515092209,0.3413950666385819,2.865216313456237,0.0317798783641546,4.478708673966239,6.23872788917223
23.252320418344997,0.843358571696607,3.779302509512626,0.3705871748905449,4.88340645622278,0.0383728331389043,7.1032303003259845,6.5423051996272665
25.10290739437736,1.044614653038738,3.559947179745356,0.4219955998723079,3.168445684707261,0.0166928521600424,3.953381669748706,5.941268954683542
23.21828901909258,0.5367813530949335,4.115859883182382,0.2079282880512857,3.156535714210767,0.0412252686970222,2.36586707858664,5.723411970541951
25.465580177871068,2.328597613120998,4.909361525473294,0.4300197640720248,3.021161312763517,0.0333509112205644,6.008833581188818,6.590863177599635
25.11872668146949,0.7355021657802823,3.903706904245897,0.2993022729053815,3.624222822042756,0.0480888714279037,9.28900277132812,6.7693209781099934
23.2440463419257,1.6530329510285071,4.846864866649835,0.1308233116537324,2.462435129535461,0.0116968919282756,9.29848124815308,6.9192640794728515
23.254513142255576,1.048110441374412,5.439824092214541,0.1234203716975916,3.661134456074033,0.0206130455022186,3.4848622532443545,6.192204676773882
25.95991873550353,1.6083560050315868,3.687801431578837,0.2336953274784243,3.625114437230012,0.0340621551719929,5.32400691559478,6.271400752450317
24.12281238726836,1.8028407767037284,4.845204236450252,0.4139587908445871,4.2857054378146096,0.0218623964882372,2.195195395841626,6.062663316491813
24.111926441200676,2.159483607414403,4.387500438609142,0.3830723738963663,4.500949885812757,0.0385769665628496,9.956747984038946,7.181690196158138
25.438398701772503,0.9128425435212064,5.236284508755011,0.4154459858689626,3.321324050937272,0.0403602113008772,9.813067287892563,7.045666125060327
25.841745732151576,0.521991657316961,3.854299578894772,0.3069076225766437,2.9069997480544814,0.0141006385626589,6.530138404103728,6.278528353218425
25.958003191468613,0.7737712601376145,4.885251904452329,0.2760795991821962,2.7780046919512835,0.0305541785682707,8.063699190806986,6.678537826541335
25.260134555776823,2.30003728369621,5.17623057929622,0.1589810106825135,2.583871510114616,0.0303556222236422,7.17949159670863,6.760725123907418
24.128778756592748,2.2477801551250307,5.389228438948047,0.2312771014437246,2.1729427465970748,0.0247712308086216,5.972266368490735,6.571157029137565
23.250502150096008,1.6948262043406166,4.866496056579292,0.2736077464695501,3.02734393650414,0.0473169945027868,0.6281451701900872,5.715505069387076
25.33144074778231,1.7010337208673068,4.494349528016855,0.1354401718718469,2.8107430763923498,0.0431002527949288,4.6021669912713445,6.229239140077935
24.67521274920741,1.830073349092511,4.735694480402428,0.1882447810844845,4.899252157599222,0.0378883752763854,6.780384391457364,6.7698549827770105
24.27266602774093,0.8507425572468992,5.2378099689574364,0.3392901176254955,3.673126478750132,0.0385730654293999,6.807562977448478,6.625701203830905
25.719063155284207,2.32882389184992,4.641219493277659,0.394265245695676,3.0418311170915224,0.0284686457525247,3.7939139223815976,6.231523846118611
23.333592446918452,1.3375410497841462,3.560774119393674,0.4993390045571798,3.741402802981088,0.046839780843863,9.422750667914505,6.810452408634598
24.477875312872577,1.266277056498995,5.361897391013955,0.473245332537423,2.417590104037086,0.0377838170901314,1.756834619144132,5.857162943566065
23.034060934302257,1.537835410565675,4.8790535020631225,0.3570260798140766,3.3321312476066085,0.0391592424662326,5.05355851753405,6.365268215161462
24.405981925982378,0.5939319335501101,4.853026771554493,0.2684992213176288,3.878702964263192,0.0444676361514938,6.9397513678531455,6.573147446665422
23.16890982704551,0.8325667375121588,3.9313503047954335,0.3544709458832931,3.466693495377354,0.0209628635736876,7.001644478328911,6.430057244047235
23.356453748804217,1.9760672328527409,4.817770940465314,0.4142606472320927,3.2053364019629726,0.0422828361546681,6.521525672011274,6.613378407261104
23.352578740331317,0.6655973358502529,4.287728811308317,0.1473344763693549,4.981545166699094,0.0178096241182596,2.825353313173416,5.9858635643561495
24.94763090634819,1.7063042189327764,4.802465954082984,0.2639619558785153,4.640944286446781,0.0238136780897955,1.6464450299975577,5.998929300676066
25.23813463779627,0.990698219362642,3.713186060615981,0.4359209142542469,3.87021787447832,0.0234244181707937,6.395809235584437,6.372245737312715
24.75010629529148,1.278591228083953,4.815690609206072,0.2535331807732176,3.708132083546849,0.0491410187355656,6.0330909497804335,6.506647043978068
25.886517645423627,1.0773874735413995,5.498827451541333,0.3287489084908746,3.861981439473752,0.044261488949917,1.8756245018634856,6.000766879515323
24.12461173857111,1.2113454329298985,3.596424077721112,0.3351077443448793,2.6039363234673,0.0380467944636103,7.080877541148577,6.369208249807
23.857136258845586,1.938091810368491,5.454348368442634,0.1737905012534557,3.185413229792956,0.0390822704646156,4.606202718163198,6.4286947614782814
25.60579738456838,1.09424343124635,4.313815921445741,0.2448941766609153,2.118378598672698,0.0324829117761028,6.7108298568712135,6.3771413268068695
23.67078751555836,1.6328092805937944,5.241506900674518,0.2338045154967728,3.42663811246048,0.0478836266843407,8.389934089724491,6.927816029148913
25.889667618321837,1.452100804398199,5.064770968116547,0.1104786834128259,3.6290737518729896,0.0298503501152944,1.7803114429115394,5.947386573528545
23.03646342406945,1.8273423307252965,4.634032521973335,0.1096767055565421,2.6832492083096287,0.0252207083947957,0.2895341931686831,5.617425542386796
25.90963648012292,2.373659478649516,4.976898418502653,0.4326788174703094,4.892086541496541,0.0165214134772636,7.813115605318289,7.0278343085209
23.129479735851728,1.9651441944205008,5.257031122602696,0.2092283239891249,4.728363832811726,0.0414482260904423,6.136004509010897,6.749911442236629
25.673429341094213,0.9298807571815136,4.308280643302066,0.3072315064955262,4.166429706367717,0.0393777572830236,7.026431739259005,6.57421929058683
24.5831033272589,0.5623662701225693,4.154066323126477,0.2194902294355092,3.600159886296088,0.0253742015409653,8.397734252387561,6.652285639033286
25.9788943883579,1.0245280885996502,4.835186771127169,0.4762716980461362,4.609907478943055,0.0110077365583691,8.047828254762555,6.8526100043925435
23.221389694206195,1.6901558614005097,5.115691883882517,0.2037187035463095,2.3919570314703886,0.0435598931087204,9.613109454595364,7.00425721833925
24.66156285320396,0.6028516269685007,5.024570269553232,0.2718627250955741,4.371529382824654,0.0104567193381629,5.40575728063597,6.420138615626177
25.907907606857297,1.492732494402473,5.095627297717269,0.4490921001938407,2.374462441900545,0.038147991185162,4.936106763333063,6.309519217170353
24.569293532510446,1.6936856978337784,4.371166629625866,0.4367734267167235,4.3826319876482165,0.0488102843890422,4.078683278918228,6.261156790807901
24.888195914405788,1.1684877816339216,5.135668432350043,0.1744405671385109,2.82730270475407,0.0275064531259281,1.621541324157625,5.828149663047062
25.087246066953853,2.041824407491644,3.740418110741217,0.4210573239182842,4.631271743054567,0.0193989361998381,5.768811605532022,6.4765035171766865
24.36362319430332,0.7131965062675436,4.588978195921699,0.283274754695157,4.832126281476194,0.0381948404017352,2.84242399082719,6.03227504277911
24.88267424025219,0.6502755634716175,3.511517320996244,0.2931875488341421,2.446387908215347,0.0426851256806234,9.220944370908455,6.589383182819679
24.7529429357693,1.9563775124072067,4.14917165980054,0.1533919889663775,3.3880268151961808,0.0318572126431138,5.873588962343266,6.437971327738699
25.703474031472968,1.490982632412397,4.232923069742796,0.1322406055028498,4.942962134488056,0.0486814110102458,5.9691177870302905,6.543208227040017
23.13633914102437,1.876804792855472,4.29234538321851,0.3911757227895061,3.45022230791944,0.0120667488663184,3.6137541426824,6.118554927066617
23.84288956877669,1.3696546772074925,4.890934413379725,0.2985844609421199,4.590642567543636,0.0301918239321811,0.6146945845793041,5.81174528086928
25.85123445222968,0.9928040664782136,4.277116202540691,0.2747402810460718,3.76619456639396,0.038738157892902,0.4142632771925874,5.584305587256834
25.670791351672747,2.1382046353484,4.397387245245062,0.3918032914609587,3.125989723758805,0.0445056188459671,4.291017927116656,6.250258739925689
24.36697025835714,2.0988317579379583,3.975088261748655,0.4062051595964439,2.8573506665776107,0.0171702244763116,0.9371972431626548,5.665057087890608
24.86039779340461,1.8893929417088533,4.24650358325868,0.1635632670677414,2.6096692732582616,0.0420001392705472,6.107784859847377,6.413842631285226
23.8321435489434,1.0442902744599254,3.954539254526303,0.3440900597910565,4.285394574133091,0.0321082830287418,8.821632755832608,6.795730122286374
23.564363479171284,1.6804613337381742,3.6463918475368873,0.1541416329110742,3.1596215204690834,0.0258621472795985,8.84085668353535,6.733657768234904
24.391095214819945,1.2219477938800536,4.706897186762756,0.4005500344116183,3.5338263866022537,0.0152686011431637,6.6245495603091005,6.5523466811616
24.06005668407816,0.6831641466532683,4.836425597110033,0.3627820625068558,3.4769764400035457,0.0446118303563565,2.1911951315820173,5.856308390219018
24.750968335552617,2.3346271509244856,4.738980692019229,0.4826458484333832,3.7318370876993936,0.0162909283271886,8.643668630452833,7.004244281509072
23.233203910894957,0.7736372618379228,4.426988087601145,0.1275832065425685,4.5967314368736565,0.0223915143683639,8.872325009600761,6.86547810591034
25.9231844229985,2.400474707641605,4.259571560358459,0.1228218884605017,4.942218030750288,0.0216018212784974,2.046870491034291,6.0894782669877525
25.95863223343881,1.3920115459159117,5.22666729914365,0.21287482987728,3.222752625721451,0.0448565613676341,7.400518249129704,6.7469291237009426
