frequency,length,width,height,substrate_dielectric,substrate_thickness,input_power,predicted_gain
24.123620356542087,1.8963234280394903,3.8702658576772393,0.3076327140544872,2.7851170512077177,0.04310075688425213,6.75975964266809,4.296883403747486
25.85214291922975,1.5721927326882408,4.583801894756716,0.2916727510518924,2.7409363972159992,0.04058111178618871,7.987145832194586,4.40837319027545
25.195981825434217,1.1190552325726555,5.245891671752816,0.11025682632257428,4.7187637415631105,0.03294115805822293,2.57963219804574,4.455129534768912
24.795975452591108,2.1275900394138976,4.964449772819123,0.23649913105046255,2.748638599548518,0.048241885744477325,6.286253586109289,4.59743155467523
23.46805592132731,1.8694623451077585,5.113122295722899,0.2520782475143428,2.8158491783858928,0.01801898062113611,5.760285233123112,4.4975739352357325
23.46798356100861,0.8252338786897826,4.817566733421435,0.2595291123587602,4.2781947872538915,0.014370568412384856,8.345020730203883,4.513260570451819
23.174250836504598,2.321854368987685,4.884553129035705,0.3320689476909329,3.34921952735162,0.044158478678216886,9.07026189876448,4.7265093261194355
25.598528437324806,2.145074485846338,5.198391303130639,0.31344101869075136,4.330131670865544,0.027565992665349932,0.2203520376261294,4.4614031939866985
24.803345035229626,2.399599826583848,3.999336017718372,0.34316203711737786,2.196098472693156,0.04387875416828242,6.772797198682047,4.321749680152675
25.124217733388136,1.95143901677672,4.478849927286281,0.4059533046168513,3.462713581020153,0.0457236082078166,0.6131744112853172,4.144263041081566
23.061753482887408,1.7268303918715797,3.9424188836392045,0.4251942954864374,2.100840800549848,0.012498303744762858,5.5337007842658235,4.072008521574586
25.909729556485985,1.3364860725812377,5.475336015993294,0.3872492304905978,2.1879596103660637,0.04533859051944243,2.9475640175324145,4.228210876680773
25.497327922401265,2.3654569667080265,5.3881186793732265,0.4822094783819739,4.719312360033233,0.02793276221477689,3.137088335269198,4.713591662563936
23.63701733203483,2.232127779000817,3.578853622737012,0.10729303307054466,2.4177361133527855,0.030417299560169288,3.59428918417833,4.038513968895
23.5454749016213,0.5904373402123788,4.911150345031377,0.17831119427341846,3.5972620468256515,0.03506370044372841,6.25079524559114,4.2923903330733335
23.550213529560303,0.552733948994504,5.350496634831332,0.10302514999125685,3.2332868078021195,0.04705530426920347,3.407094660120815,4.224246959076249
23.912726728878614,1.2529267337560992,3.861150690254667,0.3589898856618412,3.042029978776528,0.010764643777190561,7.353720600843776,4.159081003380574
24.574269294896713,2.121106661563666,4.635890461105259,0.4592122195799948,4.699500037061817,0.029073738732712684,4.104821117181309,4.563861286648379
24.295835055926347,2.474552258629889,5.330976595176084,0.19739291863051972,2.0654701903264687,0.037508881697222426,0.7766966830685903,4.411103676549606
23.873687420594127,0.8008337822070564,3.5678919571715975,0.4708138179185227,3.991369058526767,0.03890827830792914,7.859222440592662,4.088618179076601
24.83555868416714,1.6882614307042703,4.89484053449368,0.12410695611582434,4.890183302640651,0.03770129726148432,2.9290074134677897,4.440131706146596
23.418481581956126,1.261781713262043,4.094698014745101,0.4737744107222057,3.6805045503855256,0.015377405176324875,4.3843921080327,4.076308003003065
23.876433945605655,2.4398287956292064,5.348792390753061,0.24064907489585377,4.810467386099275,0.02197582353486725,6.885894443896825,4.909469804330853
24.099085529881076,2.1842378462714174,5.4421164903307355,0.1405683313796866,2.1567736378580715,0.02434862101668054,3.391315955772249,4.456290812555392
24.368209952651107,2.1766574094222757,5.388532978226868,0.29434870367453025,3.2563799572224843,0.042177488307180204,0.6601979958524846,4.3942307294811105
25.35552788417904,1.4373863195899406,4.448428433314928,0.2027106270882032,2.7804733728861537,0.02115039489658212,3.801818365426855,4.102681660550538
23.59902134647508,1.3296390046753304,5.224085301978627,0.21394916078476914,4.19246289494219,0.01842819855468813,9.450040968673603,4.7217126379758305
24.542703315240836,1.0468141438614125,5.189098797070141,0.22291598597051465,4.94389127149174,0.04829792076152385,6.453170533255726,4.631527122939817
24.777243706586127,0.6127509933018542,4.138200946486512,0.42121035913306537,2.7695901873327435,0.010354531404538757,6.747643571805348,4.081011384427888
23.139351238159993,2.2294447525101067,5.1578309483013545,0.3156645106701018,3.9625238044222235,0.04991283422727913,6.3595933210126345,4.702291718531076
24.822634555704315,2.1258020182601554,3.5740152694309852,0.22452307966240148,2.59429289827922,0.03707285195429583,2.0700221756984245,3.95906677567566
23.511572371061874,2.499435346572261,4.692539756964106,0.34413351332436737,3.6959907637148297,0.04313877197796469,4.241505254612573,4.489212111853015
23.19515477895584,2.4932736741478108,3.960017674575406,0.3864602696892775,3.3917974600650087,0.021784775853847728,7.5343040037968505,4.472146108212266
25.84665661176,1.610863411205255,3.7411337715545576,0.20904960029341352,4.916015988894611,0.0105726111066824,1.1035916857762758,4.063001746033358
25.896896099223678,2.037974830361021,3.6539064032584183,0.2654196406101406,3.8255818180893995,0.0395147807424612,2.8507424832881516,4.182375676706684
25.425192044349384,2.3895314597648563,4.892577551756279,0.14875443733477903,3.048519116260456,0.043365783880027035,2.835559173811951,4.368211159352741
23.913841307520112,2.1992947813548227,4.1797499275361325,0.17245973981387214,2.3422873546638003,0.039619045278140766,4.376987383185609,4.212294198825985
23.29301634201915,0.9946962034863953,4.949533543057523,0.3724471415859931,2.453740486204804,0.015714011492033546,9.805650535327633,4.456056578596611
25.05269907953647,1.401088270620187,3.6307126815978847,0.1725753390782508,2.6759507898537054,0.04013711689027876,0.7682752121698372,3.8070357488420323
24.320457481218803,0.75831883030299,4.1305806756612204,0.31006535346682407,2.752899984020894,0.04075691128430564,5.2351398443678905,4.14593598931955
23.366114704534336,2.4081020545174447,4.578982584750674,0.38361850468897307,4.551848173523414,0.0363416206268022,1.8757103519208835,4.468209101266874
24.48553073033381,1.71234926890176,5.081446329677927,0.14275076923789753,3.6836683648475748,0.040644637311823446,9.709697799556468,4.716391592855305
23.103165563345655,0.9572856110069254,4.13750500586414,0.32692488785156143,3.5701727341230995,0.04383685758710929,1.2217046968018956,3.9169991380823825
25.727961206236348,1.8434013688117135,4.751782752874018,0.20262511348054552,2.3443066156076524,0.03454416456949834,4.095649923379753,4.214538408796462
23.77633994480005,1.7362564809157917,5.2719554964723745,0.48517075009503197,4.580419080048305,0.013544188558787163,7.405061349862601,4.75707327684526
24.987566853061946,1.216325436065681,4.731726376364609,0.2934182586879699,4.168442909625451,0.029505112386688438,7.075088837471708,4.4491989006026085
23.93513322826823,0.727115184399258,3.9659189495072678,0.4223970199100633,2.2030050857000045,0.013105973386864204,4.285013505249929,3.8893867451704116
24.560204063533433,1.8431463911855992,3.5488015631130763,0.32009061686250473,4.123505291689306,0.026301721241297232,3.530589262731911,4.104720673755736
24.64013083802984,1.5406154018075866,5.24019774780186,0.11736501314192767,3.6306146520279383,0.026284259565025107,4.036362547673419,4.4756321497013944
23.55456336657658,2.0446367834712786,3.5425388217007745,0.35326055023760894,2.2451760372403347,0.012640393765609664,2.716335005270529,3.894793248320357
25.908753883293677,1.5403270022239868,5.249403345368399,0.4805613368826628,3.3749019245859695,0.023952821358779172,2.132796093197318,4.443734119894464
25.325398470083343,2.2043630006370805,4.557874268054424,0.3406447280585325,3.454088861390141,0.014439923951652594,4.882093005833011,4.444346290749194
25.818496824692566,1.603813677548971,5.378135397025792,0.42767554377071615,2.4973236204898273,0.04232940840036889,2.7584841850693125,4.444081021821152
25.684482051282945,1.6218759430707725,5.097566471547331,0.4536825853393631,4.837094441000847,0.047907521038578836,2.945870482482776,4.569010310388559
24.793699936433256,2.2533072053166903,5.495868221066675,0.191231908779573,4.549926114441986,0.012892659010317544,6.601885028398115,4.92606189718933
25.76562270506935,1.306965732424794,4.20142363090342,0.18481793596329066,4.007067011987325,0.04820460829166806,9.688519583828933,4.5281951047068985
23.265477506155758,0.7680304569012815,5.034376577862254,0.3443923955403967,3.386886683001822,0.030903063973469806,6.076008285537813,4.349085257810284
23.587948587257436,0.557565352626678,4.303861827218484,0.26441138792268193,3.2352966247535253,0.021982627118154956,0.8620967239431662,3.7369831016470734
23.135681866731613,2.0102745113472382,4.459751240607818,0.43594452114668814,3.9529204014528627,0.01307448301104654,0.8482777771552631,4.204236409230209
23.975990992289795,1.7406191027069293,4.75501092643674,0.4600092493592045,3.6362956082207165,0.030024970722816714,9.519089886371104,4.694485444522195
24.166031869068448,1.9081595361984471,5.247354228372678,0.24136855172108726,2.1868193176456567,0.04178062177962995,3.043178824042603,4.3539925557643695
23.814047095321687,0.9259283230178215,5.46816693839859,0.19474822358979282,3.537507946310995,0.03828345909066793,1.011463162216507,4.176179957105886
25.486212527455788,0.7727429511735395,5.036546827729037,0.4122102060975448,4.4192108516985185,0.01200904045855895,6.030541412788777,4.442367557554633
24.070259980080767,0.5290893313357639,4.335533564334668,0.20992241421925445,3.3777196327908743,0.01291607341471614,6.274122905073634,4.210465942810623
23.84280352906214,1.201175117613194,4.34271400455414,0.4290457274054714,2.155869732662805,0.026114931305305483,6.5201977191750125,4.2046651979748795
24.628088249474747,1.6798353737092662,4.975164603177783,0.2694953014595052,4.358834598152099,0.02181161976191773,2.747280075789659,4.439255092023038
23.42277267492429,1.2844880901994646,3.9775542915366047,0.3670199597165882,2.604091346407923,0.019295372922241913,0.24959577372330286,3.843412918743992
25.40659094226212,1.3749498440474581,3.7209482262627893,0.13821412553386728,2.7758625046641163,0.021240179956348543,9.653652157599272,4.250697789835994
23.223651931039313,2.308317388987497,4.209244315281553,0.3495437298706292,2.494119060296888,0.042139309731875386,2.5838411523419147,4.084786066659761
25.960660809801553,1.1965109340466007,4.074477983308164,0.28070707149489166,2.9906451946144927,0.04716912214527416,6.79266025172022,4.1601179064441975
25.316734307889973,1.5279789783196216,4.09261624091198,0.33464338527018966,4.270254517065905,0.02620410778110266,7.095635711799225,4.482997937763601
23.596147044602517,2.067306025482286,3.96721550209982,0.16720568309794537,3.5581575785118122,0.04624444008529988,6.139073429086908,4.345809374152192
23.016566351370805,1.2930855646425403,3.5841863792727238,0.3947494979776729,2.6146438224521376,0.02285982804991528,3.1977832027151174,3.831134188188707
25.446384285364502,1.744173400455747,3.5357478694668276,0.44511883101729144,4.633490234456122,0.029057479453751665,2.7838529122642512,4.111246551841843
25.12057203154285,2.22472741749349,5.475444779472063,0.18669592003631028,4.638745564854588,0.01904115991263999,6.016915998756761,4.971317136556066
25.18702150412296,2.3990412473152842,4.355546267471725,0.1382858222080647,4.61173527513802,0.03561904168703376,8.674346772755746,4.850525264687617
25.313811040057836,0.7941469618580759,4.268653294319363,0.10945543441853456,2.716388634144618,0.04915924460699236,9.472663916341617,4.394616898917154
23.22213395520227,2.353175250322989,4.85929456538614,0.3567886001773064,3.3537180325429645,0.034139723841735144,1.1484674635972008,4.344925434020965
24.075397185632816,1.4842325861590764,3.9365077757301283,0.3428376144355123,4.954968968422625,0.024312563364541954,1.6328032647174267,4.153797605823751
23.347607178575387,1.0164887765979167,5.399922367900451,0.318678965085628,4.316037428929971,0.03591269783962114,9.452888961952489,4.660010343697637
25.58931027762678,1.4182715124765226,5.072690028831104,0.19277883844639018,2.0815022636766796,0.014916827138615503,7.391698760514446,4.504137904397917
24.869894380482673,2.460065150570954,3.678822004624519,0.25636239836220587,2.195613773781476,0.04554636321061595,8.841638865814753,4.31451760722571
23.992694074557946,1.4852361879857392,4.335161551569857,0.33779053407446924,3.391794130436998,0.030123358031193453,2.1060630779398974,4.118233392069651
23.190675050858072,1.1575032205750164,5.258236615124329,0.2987067435436678,4.7276606175846805,0.02797398968158568,5.9171001239830785,4.535179349707937
23.932946965146986,1.7668017086334515,5.38946404458282,0.49511420808595497,3.6161053938581427,0.03343459153814077,7.041281984732989,4.659561786866538
23.97554996608024,0.9802912375563861,4.4348030224997395,0.15457590102269325,3.4934375241028706,0.034991354511576096,6.833107665925029,4.246419128253406
25.188818535014192,0.6517266562173278,4.726822778421416,0.37805782161903756,2.316421099869892,0.012871032249060521,4.140701739580311,4.007181063724942
24.91267241406564,0.7577594438212985,3.8340678921841507,0.2617275072417169,3.970340314172882,0.0373046888489361,0.2524094277439539,3.789998984890585
25.66163822772898,0.7560916779155449,5.482337252273953,0.2712798459702459,4.4663094818006766,0.019677267212621183,5.870967962362204,4.533524125346085
24.41664477548585,0.8038053870245887,3.9633434027668866,0.38703910626327054,3.1412600225226868,0.038558105300263594,2.605705237878127,3.9240568118636032
23.358782737814906,0.7776543452988203,5.385463548270251,0.3769744605297479,4.326835552775982,0.04290139177536787,4.557517036814614,4.384822545476801
25.139734361668985,1.7817494896064292,4.799293297984737,0.4965023974808753,4.893429961702434,0.04215834030210081,9.580052049329792,4.824765618238173
25.282355145850694,0.8637601687982897,4.7154735897577185,0.1513577157816501,2.6112993773830673,0.032100038696315565,4.0504496446601035,4.181056486063995
24.68383159270849,1.1913345666477264,4.525377022033017,0.14164385975366656,3.569988893584224,0.03080679569243005,8.414035905977824,4.420650196916574
25.31290153986368,2.2935768198120234,3.961339623435517,0.3897355268514965,2.8614138742537265,0.01571503845357647,1.9665519969175864,4.085980063147291
24.481386789093172,1.4479232805257447,3.8530560640110165,0.33135476680256365,4.3785632571015185,0.04101384601612543,6.7573589304477855,4.307596996437073
24.56819848814598,1.8351154770420544,3.9409724181403507,0.20966426662392235,3.7327800976434724,0.020856375217868574,9.77236884894554,4.564604596688783
24.28262305507565,0.8446397424032597,3.8728765242885093,0.13176774759559465,3.9037472526509114,0.029867816912717865,1.1087416986420744,3.887862459542434
23.076257380232285,0.8845780376173416,5.059168947133506,0.13426329983857221,4.393742478847682,0.02137096371710067,0.18236742804920092,4.144100446789217
23.323674280979912,0.5817372325329577,4.20025051833346,0.4576763498656473,3.1879114179873644,0.015353134519987726,4.392469647062882,3.993977398473752
23.094287557060202,0.8378701261443291,3.6156853531267927,0.17674692988749718,4.7452702052211295,0.035182307875669463,1.0169922822085353,3.824417612090211
24.909231233791342,1.0571806780639172,5.438205260281623,0.22934862484620833,3.5990866017384198,0.012173281392916154,7.50900506179469,4.631691204982392
23.94306794322898,0.8540209685534936,5.267571769926851,0.19066256089079522,2.473864468506044,0.039945809365048,9.154031772100733,4.505096831230405
24.52571207349411,0.6774050675141112,5.355504566390426,0.24199852233277494,4.087697354506407,0.022703471810444666,4.3968076298167125,4.377545084646397
25.72269942177828,0.7412717422012016,5.489815645292871,0.12776953709843736,4.379784051314763,0.010005387720179414,2.661245257338866,4.35365977151843
23.747876687446624,1.4215575360654515,3.8477904984389744,0.30762391636330816,2.95028503120258,0.030445165569489195,4.400592858165437,3.9982143524643385
24.231148769106888,0.912667436811585,4.292484037805318,0.12704502543688598,4.571537770996259,0.011874076341104125,7.26213339671501,4.392177269887873
25.266653415629147,1.228539722096151,5.016476951408182,0.4201426031289447,4.7184297642973,0.02104678231283598,0.1896361996456727,4.330574432501438
23.68639449647487,1.5068345417097138,4.892041236107584,0.19348483276417322,2.830713462133427,0.03827905949822865,5.935594495898502,4.361036322201676
23.23093972948638,1.8807896572587306,3.80779181267971,0.31600476584180426,4.950564418145666,0.012507584864874636,6.171587680385053,4.4249224800953035
23.869254358741305,0.5786242796821979,5.131666249981236,0.4520316350245833,2.422134584146275,0.0435735396942401,6.413113644269761,4.1363222318742165
23.483663861762015,2.0988207978180853,3.9488811436733213,0.36035094761887765,2.60604700520747,0.010152796906343324,2.4960185918106848,4.033024119368948
25.78909295702772,1.7558007789818155,3.947635229645246,0.31318311462053416,2.5526745177140784,0.01987295476807609,7.169121961443455,4.248433226677383
25.42436113869325,0.6635180638977438,4.573948845786827,0.22973350124615025,4.681969130023611,0.03963616224608286,1.0047757146845864,4.053790137112204
24.90021126953127,2.2471572482135542,4.685879869683406,0.23320076522327918,3.962877656974886,0.02265080598917227,2.0727763310213283,4.368139996803538
25.614381770563153,2.3417448010636264,4.660172415675622,0.3677947820792761,2.4563128496668187,0.014075695522640541,8.78695346187937,4.576958831627297
25.411016230697342,0.6221559197097275,3.6829736747955097,0.49765574448846706,3.320970255105047,0.024409356752017115,7.413359192193007,4.049099406285452
23.559710176658108,1.0537552962944075,5.254921725260761,0.3647356759397514,3.845894075209406,0.02081573145538102,0.236080984712318,4.185113533816517
25.677676995469934,2.1124025595861227,4.031200085177412,0.32311336694800996,2.25039225496815,0.0437084760864222,2.558924977661022,3.97508809035842
24.61802672574695,1.9965193807673167,3.7590298425656083,0.3922602040956985,4.647249105222016,0.022533916703405724,2.2226241816323293,4.0922098808306355
25.422320465492188,0.8690420387127546,5.277496159737955,0.28608224491348727,4.410810606324605,0.041557298871040295,2.7809826475660286,4.345355663865503
25.68827389977048,0.9186986466734206,5.411302996459507,0.12405693704031409,3.515620320729915,0.04567488579242939,2.5508417257708755,4.352936283997192
23.95401042491559,1.240944205582764,5.224255234530901,0.3249187263511639,4.9013798457775115,0.02735269678306118,0.7190103278541728,4.224465885549992
23.33015577358303,1.4690459703820427,5.119032149449756,0.4830501138021521,3.253282937825299,0.04639772575417568,4.643511114308521,4.379152941901198
23.683805487625825,1.736509543060592,4.8104839612780435,0.17012117694306386,4.952330957109494,0.025092722158527717,7.354061400383035,4.672406484512522
24.28132336587877,1.2378272791395448,4.601714741218279,0.3760019563282663,4.003759996410881,0.04856313665960433,6.10664407470262,4.461701310259375
25.454044297767478,1.4250694322662958,3.6739735198228205,0.1803734754636226,3.9040138197618246,0.013571580981022917,6.761429519120989,4.212322277254352
25.58219174976903,1.994941876267513,4.316906426141397,0.31433107378923253,2.4978646858873548,0.03748077066012971,0.9033768675087677,4.09366933799634
23.020856391593572,0.5733664057811958,4.245377034024628,0.13867057985868786,4.645783274913931,0.02975256161827715,9.519758030750193,4.405847429104156
24.532241907732697,1.0048738886880415,4.019507567520653,0.28014837450327407,3.2824690637618454,0.025505952218225884,8.401069155045946,4.1365904957735244
24.252233009446336,1.9266991717691049,4.946840227377169,0.4024653315580985,2.486700217347438,0.035308475149944035,8.070394153107062,4.595641587481339
23.66632343141219,2.2904136753743987,4.491751470157542,0.23902860969559284,2.0378225599272772,0.03815428366537325,8.247539669913499,4.4941077563044365
23.35959610200105,1.5233548842313323,3.662092431815296,0.3659646897948873,3.679267050915148,0.010174530786012364,9.333834030514337,4.348576009167121
24.012845514210884,1.5642269705306313,3.9403664038996227,0.41817998431589165,3.582198866368029,0.01667812354988795,5.488114264525607,4.401097373257213
25.82872911173756,0.7143440226795521,4.866517527319192,0.4708711277917811,4.1580608671074755,0.038521842025372746,2.0827919768894962,4.071538512281399
23.969608796062264,1.3948247336469093,3.6522617189806006,0.19385683274218143,4.670774159053407,0.03665541654312826,6.206157717740157,4.346650382041388
24.556371865230098,1.5652345329100463,5.202413828097537,0.25972636632372326,2.2382197539290885,0.04864190020514709,7.454526787312596,4.492996272792574
25.109056876685536,0.9849410072694593,4.490293054027949,0.160966405332167,4.194489471021087,0.040441511610031323,7.405382194204852,4.428820668976638
24.090888807137883,1.038486461898762,4.461173154653296,0.4969934008633501,2.5622358322927465,0.04803090830925352,5.2623453392521125,4.120524309490882
25.915346248162884,1.2545683262092453,4.684815569319035,0.47080038716971817,4.574531159471492,0.038101620061392276,0.7777413214024228,4.194289852060535
25.887341884826334,0.5401423955554527,5.149361931850298,0.3159828521122239,4.457190541584968,0.021922088345577725,3.7740180904582656,4.300948177089463
23.755346887476094,1.1441583311663566,4.195618415804386,0.43681331775056853,3.6223812649566334,0.01421459689003426,9.215589423787238,4.387206486702286
24.491745517677156,0.9228960139930893,4.856032305118127,0.3083831909088169,4.130728395869935,0.041272954533797424,5.886044206598518,4.321983826152955
23.902634929450308,1.1549947043558293,4.631463927991582,0.3494342752011039,2.9430503395512453,0.035765968859036636,5.429486238231563,4.274457653304012
23.8545214831324,0.7395242636385024,4.034056540338843,0.13564977284640667,3.413503696798444,0.011927440495731849,2.7616497923837158,3.900383085204902
23.1106608420636,2.28105456147979,5.257259972710316,0.4021081681987232,4.464910693131415,0.024402018636039136,3.747644307174131,4.61621752879488
24.82869300193969,1.6871849071080973,5.094852043213856,0.15108539345409394,3.3777955915196416,0.04827199261937145,8.963926282616375,4.679839480740579
24.508037069686583,1.8582046382889792,4.816903669316851,0.4304270521010114,3.0733947959763253,0.03001604582840805,6.6979841705156735,4.563526825793891
23.154436253749967,2.078342477214677,5.201163458188484,0.4128112350681544,3.4826373417508996,0.027309165440788187,7.8951315648480955,4.7013094684730685
23.835939392709836,1.4968843978581146,5.234588401919605,0.3834978790971906,4.484747757311656,0.02830798420637176,4.598019688369786,4.581999316345811
25.724797657899963,0.6738405761748474,4.91672595343007,0.11446415220990486,3.005624142112618,0.018355308960206547,6.339447472615963,4.25196793930534
23.718685672000916,1.5742130836370956,5.174026656727344,0.22125134237813146,2.5212847794072313,0.024748286834591807,2.5589977265577546,4.3098725133255265
23.43468461627367,1.6736822360417583,4.894942923338567,0.20524502796433716,4.1360420609923425,0.024792530239487066,7.084062219806514,4.642077235908428
24.46835828083269,1.99087894836866,4.860281543520601,0.24405456298860764,4.477934638124245,0.012094200807498897,4.333253203663039,4.656241856115425
25.9569513623318,1.3633190924593588,4.737222756430368,0.13505709870553542,2.3019124355705998,0.04070270514071673,4.481200596665981,4.217470053945117
23.7261658145345,0.7551606055911275,5.005433279115282,0.47478312921242516,2.7196223382678344,0.02666017727615516,6.5282910133111285,4.305720520494851
25.016406642217635,1.067551811597449,3.8172102105861474,0.3215208962849505,2.4259159692829817,0.04288719547265694,9.369178152542373,4.180720976748117
25.284858845986154,1.2261645927972702,5.261741518397857,0.22220972426320942,3.0438242347465,0.04401392004479582,0.7336628314253472,4.271469730558127
23.7129126319772,1.7918344826632024,5.243687055490464,0.2587926068297134,3.351052936716238,0.018479762187946322,8.264958049735375,4.661433661817883
25.184649045835577,1.6415566093378238,3.5584945660691183,0.2788810162019343,4.246479010889919,0.036294139286805145,2.994592793080712,4.128353451206037
24.10334939815776,1.2121934517956925,5.151633501129526,0.3402377333442469,3.9534427546450224,0.028891272166519266,4.49480259961314,4.423385595245167
24.896917491780737,2.4730304975859596,3.7577397349468904,0.30627177107859915,3.8627857024352936,0.0452062695168594,0.3169419548725887,4.130174759604583
24.900589132282683,1.7115496387137743,4.170237708518284,0.4677567892857669,3.057124839828963,0.018629627167058165,3.0803561705596993,4.1303942116142816
24.607324052224275,0.974453583471989,4.9870165125832155,0.2987853931623321,4.52434265925428,0.03711252801240177,5.0760493020382915,4.4527613249567235
23.270869310163224,0.7035649452408075,3.821519792096616,0.4968632059293251,3.413861502194494,0.0343100848901089,0.6561431657396463,3.732633351694848
25.505907486767715,0.805718278368664,5.135934048238124,0.4405699830980383,4.937314814045464,0.021812059102873312,4.961847720893335,4.4872608877846405
23.962340194915207,0.9919154567690163,5.164268355915484,0.18340420574293434,3.9024264148872105,0.015464036146046904,9.27839522569843,4.707610888490246
23.559555531199564,0.8213627465191113,4.514935467521672,0.47223808585756655,2.3787942246935083,0.03606559041909106,1.1433928592672717,3.9101312940425603
23.122325424664293,0.8731340481026115,3.5127717434336674,0.14654655915419046,4.028532686226302,0.03954389832529323,7.667963207947493,4.16828799991031
24.772678829564725,1.0701903373876942,4.074076266349826,0.42697988339647663,2.975312046295097,0.022625093750534002,4.155743428422327,3.9982638560654116
25.032693085526848,0.8467471905895096,4.733853836751484,0.25224931739063206,4.058981590058292,0.035793304160892554,6.586219773790947,4.342012459823739
23.04976348678357,2.2935308492528503,5.462372356054847,0.4511897281780278,2.2089234444872172,0.025805236304460133,2.6763423200537706,4.492453466577852
24.536279174897842,0.6604674913232844,4.7636270540333365,0.44722267604298016,2.524644311527878,0.03852827533130471,1.678973399159447,3.987775843056462
23.679487325593815,1.5490227791405093,4.019607162128319,0.4223701600470485,4.567211776717359,0.017968610995762125,1.6885798812851418,4.200557000436039
24.935518371228348,1.320793653979323,4.768011406199223,0.4160121745228246,2.6815386710705447,0.04560860010544698,0.7978702618671321,4.026247086265396
23.523099287014976,2.464757233817213,4.579970759431711,0.22187165563921632,4.51112337572882,0.021496383858623187,1.937902378522306,4.455060485598126
25.0728132143074,0.7240778043361047,5.059690790302287,0.1323677132205009,2.8378282653632314,0.024711439510246118,6.675771911390786,4.246858650757507
24.160206038901613,1.2957111980914833,3.713961277653917,0.2611920715060646,3.928645730176123,0.012323678083213992,8.828737057250729,4.284549989847558
25.810189966210203,2.4389408665507375,5.022055805004056,0.16940980599460348,4.082451720529493,0.014460488492851056,8.159844287352502,4.913337592420935
23.41256283243798,2.2310142517879603,4.582533157352221,0.3779804355609847,3.537964259435159,0.030634476108493125,6.882829667757393,4.540866229444501
24.023199053150776,2.1341441418985596,5.4259840077179895,0.23843989061511423,2.915932030090194,0.020703707069118858,1.1932754477699166,4.451126903588253
23.340420563721768,1.0158056540898797,4.183744332077373,0.49024408034396594,2.6379331291132884,0.04341920902968778,2.9629557183299036,3.923430921694178
25.774080854835688,0.8417751747801316,4.765243786267896,0.3563888309381328,2.0995680636872787,0.010587735546198154,3.167088065692443,4.037277730252738
25.632018060142943,1.837286439848862,5.364056211020035,0.4289922254537444,2.911839203722171,0.025163761946877448,2.57457376933645,4.363419077985843
23.773824883145465,2.358751978255172,3.7050194559813585,0.1530098690967394,3.959488371593849,0.02349382187076371,5.198556031126259,4.345278272781614
24.979952138102536,1.6135257860278596,5.374456974472903,0.4448057929090491,4.814914455345448,0.010773105236704042,5.401982767308758,4.549144349485328
25.451666600603648,1.6432253789397997,4.875771444601627,0.46910287620535773,4.613613446789156,0.01497473596002041,3.6331711541939913,4.466816974402657
24.665602434798387,1.0599581873205683,3.6356741182103436,0.29482476752757436,4.2981943296059075,0.02654570699674541,3.6025126714907167,3.939210069436698
24.58895173506802,2.038985866383874,4.101927133893632,0.342501175100391,4.365342029759896,0.02971458337789787,8.302700419270206,4.632926740126053
23.725556872701354,0.8740874971150467,4.916344177290563,0.4059239203611982,3.9949547104279857,0.026171589890194767,7.913999198364888,4.51278019202093
23.279308303417697,1.1473584728084874,3.6347012029375434,0.169935450904165,2.780860572698009,0.031237507136483753,3.147178733639382,3.8805931009760712
25.69164727385998,1.3508728772328336,4.664340920352546,0.301026430585377,4.72158509211749,0.03380526699622726,9.146505594345268,4.743800637129884
25.701254171489992,1.51522075736891,4.1917661139059135,0.2594652111089253,4.012196935717502,0.010396952845113425,9.53286866832481,4.478561347909997
24.899304371819802,0.9848194648301605,4.741831035534954,0.15854959686489967,3.6813218929413196,0.028563806378140155,3.3347511660974045,4.304294265132945
24.017089373146103,0.7296736494784071,3.591484067625026,0.24701376891661259,2.3329684076404433,0.048539969635503534,3.6088069930512434,3.7965347116078445
24.04762872383798,1.7212400848832652,5.2430736123047526,0.12726892375419743,3.3411666314192763,0.03076129120518195,5.105778118877392,4.525935453189915
25.177867036610717,1.0772611064805115,5.446977938354793,0.1103247627797948,3.381074813605779,0.03710169069835813,9.417096044083367,4.750332936245319
25.69133077985773,1.6624764428452246,5.437755710571383,0.1540665156619291,4.593690828568009,0.02247455431667533,8.775562388108884,4.840719091164036
25.661259272795352,0.8087254305484046,4.99930366348585,0.48524604463566956,3.6399446605633656,0.0409596551261105,1.1154228295775392,4.084749088473975
25.33962663757287,1.462280203709635,3.760172480261264,0.31981181435800676,3.141201646911229,0.040916859275044605,3.988034358387021,4.015272290696074
24.926094938462864,1.5651788651031717,5.016526391858045,0.486328864461288,4.930400985531978,0.030851841906165557,5.578374778522741,4.596877381794695
23.252419894985145,0.6036470736448538,3.549173832917603,0.27299915133205277,2.332161779978947,0.049040552931168546,5.081011478260246,3.726048149993865
23.48488614228384,1.1732085563878412,3.5442471030579945,0.22472645323410384,3.267645284935834,0.015022008590506135,2.0192443725752374,3.8877035288574633
25.695662565581237,0.7688293538779485,4.147220438299082,0.30245674513609766,2.1260740255142156,0.01067790659558324,8.602286034564731,4.1153871249892084
24.81928717897877,0.6267499409455355,4.477286380809332,0.27580467545316406,4.2197123623007915,0.04080632847028384,6.801713751668689,4.320998292181013
23.02759115484989,2.4799204647798905,5.040814835615587,0.14226587370469757,4.7542296565974524,0.0422862214945953,8.395292911032856,4.9087063290622215
23.304414628598096,1.144707689949446,4.866590753213011,0.3563305258760825,2.8401119886514685,0.01480828916482305,8.601766365559774,4.3383286851504765
24.990505307324167,2.1197488917092695,4.391805412753497,0.18641527300383987,4.575025030397363,0.020623313318344244,7.508722951290824,4.66511393347263
23.015184751538655,1.0092813095275277,4.047253332563332,0.3478351819591319,2.8766546913856934,0.010702094534665156,4.448184952372201,3.894102279810358
23.482424154252495,1.8630054444478585,5.494249000315422,0.3600804369592614,4.732310484931745,0.021732344431222586,6.144412874652703,4.796523251913893
24.64620136809976,2.020455719779373,4.352362604471946,0.16080994125145925,4.261885710790352,0.040925674956746864,1.6876175205854573,4.235034709345976
25.07568559307808,1.6912774812156885,4.402774048659351,0.12453985084426727,4.414720330524316,0.03071842110850316,6.769089633001586,4.621984712793146
24.9558837785078,1.4431523771003167,3.8272476423833384,0.41230463442737597,2.0540196668013637,0.023923823726731526,1.8746072318188796,3.876263603577444
23.67280792838168,1.323681828294537,5.089619097499859,0.2839201695077281,4.888431071222078,0.024869571796253213,6.970100946050552,4.659769926369488
25.136537664042606,1.1977365330859906,4.887364451562977,0.12326551820219032,4.1800129762109695,0.010054145028618726,2.3730217914642897,4.35944448482389
23.7117472624904,2.3590582884956515,3.941539225577521,0.49794652686790686,2.9142532861584,0.021992021102609435,1.2637578714871778,4.038311640022714
23.976199094477803,2.1612388155754583,3.6647620912316854,0.12311222439854666,4.488183994576541,0.03585834966551722,1.7363164524152788,4.205610361559441
25.239474215354072,2.430053821333025,4.860998604149426,0.37801409154342125,2.84456359524479,0.04896777775265429,0.11972213866879566,4.299877774349981
24.948898697141644,0.7485944469710895,4.809022428562271,0.49347157010536546,4.618261518698384,0.043882433079355986,7.2155222167499495,4.47575790169876
25.547670231482535,1.9617349504072885,4.046519053996419,0.19567204168637026,2.337741171235811,0.010943798585821165,7.350770385677953,4.367883304799632
24.97283867690103,2.3766809136420757,5.4017271245008205,0.15689974747487848,4.111057932382387,0.045942424186993576,5.197840164141269,4.839056497089277
24.704925810006415,0.8624661323313203,3.8021157835618005,0.14855397576897156,3.622095429934731,0.04132793653194504,1.6974917304482988,3.886562425285052
23.281024303484276,0.632992534733555,4.364669602085204,0.22131005902703824,2.2896034105863223,0.041215044942839216,0.9271879413558285,3.6944505273493626
24.103147409178302,1.982241298580118,5.387231840335198,0.1404183244042587,2.725681484776517,0.028319830360142857,0.2893767677291414,4.2747973988795716
23.795607103045178,1.6489462263598238,4.339454633852244,0.37686453667765274,2.0372121088319446,0.02592021171818011,1.7409069519556852,3.9761729232482415
23.73196893013725,2.183657553516544,4.777051895328171,0.12491671925202508,3.4063038963935175,0.022116629153327703,8.919469796333154,4.7099758247899635
25.919031664257336,0.779544753252579,4.295188795925588,0.30376885125991593,2.9037957822800013,0.012627794358174632,2.49121473284665,3.8859264906555793
24.179293174000282,2.0905346237197806,4.04843040469734,0.49867874154119074,3.7950724528932764,0.019129414539747966,3.6072861394504354,4.383267730983929
25.67613966553134,0.9032546400954891,5.467955295919657,0.4255881078024075,2.8917134231258514,0.019864145399120986,1.1429202963651988,4.261218046777465
24.89341587799179,0.827311885731409,4.318668012630086,0.34608777529240436,2.899757334520954,0.029363082788408067,2.301376917006886,3.9707185704776875
25.384433910624946,0.8285315958619859,5.288198407358269,0.2225014483146447,4.22957959619481,0.03989777626386776,5.240323250724031,4.481020485801512
24.507911279315575,2.129149440462764,3.9599092117821724,0.3495583345166554,2.1444285079350602,0.028952393135917867,6.11675156264696,4.2117640854769895
24.730711653879077,1.8303944413924003,3.9262094080501666,0.31081658556466063,4.708684985575962,0.012313777977886424,2.5289879102454895,4.182813632013705
24.47755308145659,1.5461308495382386,3.562268165769023,0.2704333535561486,4.556791623173544,0.04831159203952816,0.6715483763286604,3.9886711591582507
23.585728963394132,1.217660968247005,4.80333365075177,0.1522841506960798,4.00341404967922,0.04770897276376449,3.9712254043612467,4.348711682458734
25.167356345784516,2.2544010816262166,4.237052687447522,0.4546416860961867,3.779664710322153,0.04140758172593634,2.418613372170708,4.238316252724609
23.842317087322566,1.2848902148452708,5.228716499679274,0.279913859528529,4.676907494418957,0.04965311606256882,2.273583839975039,4.451559342907336
23.072947899294363,2.133198878943154,4.446419813383114,0.17784900472830603,2.5559905385861432,0.031779293312010515,9.602641746863206,4.5475837346450785
24.936416887721503,1.3782698171404368,5.4363868558294435,0.24710374035091587,2.236907486572486,0.048510734010128245,6.201374810664668,4.374681990744769
23.531332038221148,1.2538888588498152,3.8710510314062425,0.2656519010115708,2.7185305097286143,0.013024201624670032,5.613096587403749,4.003967145244632
25.821375753058742,1.4253595713392129,5.237246335911221,0.43101515822674974,4.383734836100571,0.024627229930454853,4.216173524880887,4.516936550027053
25.861785731007764,1.1027557483282842,5.0531937055834835,0.3934457522245608,2.10401080017945,0.019015250720270632,4.346548900958428,4.3006126289093345
25.744593170661346,1.9952187603525022,5.041843689288104,0.40772195745653594,3.748420505250469,0.0178333233653708,5.454959537997,4.627332188887508
24.110476100766334,1.5054407801849583,5.189566456233775,0.10441250577145889,4.986312548573929,0.015632117955707042,6.994655089657462,4.6706434720865095
23.046369849586604,0.9644253902936346,5.022047981885998,0.2664615992719046,4.567088281512618,0.03489654566263987,7.051246352200112,4.559579615993439
25.784955687763176,2.299149146549137,4.7524406432628306,0.29253766065412945,3.5643370671307686,0.041252874229892204,1.799769686283951,4.322595517819784
24.28455244495194,1.2677824427464228,3.762489755364775,0.10767691072922268,2.190922727859927,0.03313193597681443,5.051116245558607,4.017362824854858
25.89996445713101,1.5871057222279772,3.565052358982504,0.2039252834980137,4.49412054315713,0.01587850838352839,4.17838514083761,4.147026245869388
25.89085993126776,2.3129442219290937,5.3416956956313735,0.404115929248854,3.796935524531632,0.042444950797338836,8.718216966066903,4.9103716477026484
25.55902836640208,1.7484759918279842,4.7333006290414765,0.15484388229159962,2.3447989911787004,0.03543818828654914,6.351047320061926,4.459821999159447
23.883346676208756,0.7337960814167281,5.093074581952353,0.3141240525810367,2.2815718544700685,0.02552662824507982,5.37179025751822,4.133201634271699
24.155293185805775,2.37966424722695,4.4630447030251,0.186080748806895,4.728880458309777,0.036965211821442516,1.2424069575712822,4.350184967619703
25.553410014550572,1.7554161061428357,3.734616377924789,0.10484830985755732,4.007600788814235,0.020396199169713317,6.095815104301773,4.267518727892518
23.950766015468833,1.1698112293141723,3.7503715844051007,0.1964805830398166,4.487860397950266,0.023807688339768422,1.260318666234311,4.022101995126445
23.508478240058277,0.7785441453267745,4.8711305744579425,0.4903495019640215,4.636936700846801,0.04669943372527961,3.4383450981009456,4.207712231315691
24.67040378737505,2.0880503785405917,4.360611789798925,0.4206148447531959,3.7153170561449667,0.021620180226856814,1.5141354516618857,4.09555307115406
25.808464322482344,1.740145511857027,3.9010494534006734,0.4838306577284134,3.552339055265124,0.02879953072631746,6.951529105541252,4.296076853160997
25.08808939002492,1.566922183952643,4.483189093482874,0.295141617570545,3.2912822309629703,0.04560564549584059,2.1418959269779108,4.19779727627246
24.710183510268095,2.2877851661019153,3.6284178741502684,0.14389447947100142,2.9508397633733576,0.0383088540107011,3.9794077945614577,4.2201287226426425
23.291529481312306,2.0771944224490615,4.663942803828798,0.3191837955894772,3.3037878825761355,0.01248812904658811,8.967180298425909,4.607706864269276
24.84502168009751,0.8033497594655024,4.037986808870196,0.28175093382398436,4.321638967190469,0.015892121771158813,2.122732195649806,3.97702613689751
25.97016155031279,1.1234441355910965,5.095118201274376,0.4377428330958464,3.805770293045395,0.010313663630876673,5.127270133191913,4.484012523051334
23.42025204570957,0.9969782796289315,4.1207239178471475,0.13923303231369785,4.677569869864538,0.03523687160916654,4.250789445543617,4.1041979399905975
24.55498895709121,1.987892585145354,4.410440298163603,0.29529645480871125,3.330140043137563,0.027906937016416736,0.27942800635272436,4.116905105377615
25.632119215783867,0.5670648694715588,3.5232410798162013,0.16001946587759372,3.821268736156262,0.015370994036091021,7.948305324370846,4.086218095253569
25.222305853262615,1.639779369742633,3.644893775589118,0.229870370756024,3.893922659275966,0.048317364842270824,0.7835544725145372,3.995434992910887
25.091047222985804,2.024917371481381,4.284987112813369,0.39494283095511984,3.7750914869189764,0.031186388957824794,4.795124707671841,4.358524549285013
25.107452251961327,2.2535312735234987,4.459877669434247,0.2904072517475066,4.107901319256549,0.019675731764515567,5.6507151198956045,4.553180490030582
24.078473453659264,1.184163497431815,4.700041096238607,0.25035531405830774,2.712300405124419,0.030024142846188304,6.321421920484412,4.162001954099562
23.88077553279348,2.1425146093440257,4.0833251574186065,0.2577905114280141,3.537091332637372,0.03718481330940431,6.917453130147968,4.403077254127256
25.42808346643554,0.7212634739104145,4.889963772253085,0.28377870736239463,2.312674408425043,0.01304956871894258,2.6073965968748793,4.045063114071245
25.430340184037544,2.192904583469036,5.220244794378409,0.4140066175348228,3.1535339829344378,0.02098815260191568,0.1987898889186488,4.309719823059261
25.601216955740313,0.7549773246639648,5.0597019777867,0.4568338755760938,3.4630012058637933,0.04227861963535975,7.262092257313628,4.424128965580215
25.739721657669413,1.2945745811207345,3.5792376506967143,0.4821338746015713,3.9566727786364173,0.028386594816106447,5.403000333541028,4.1336917497706
24.534027196582812,2.0945907315591072,4.461013894515657,0.41476135450211804,4.851593157758611,0.0318630856812918,8.377565261751762,4.705242868706406
24.5045488840616,0.7998348546975476,3.7098603568363497,0.2261627582992051,3.8019531996450677,0.02731264008837877,8.231744792716873,4.179668951250946
25.394885536900325,0.958502790465283,3.9840900317250547,0.3752538824346169,4.2307817485296795,0.011755997705720205,8.448929061100044,4.273824026227048
24.949891792333297,1.9445051367861326,5.473325186534293,0.2750412496221568,3.5187981784856084,0.016629991192806236,4.902437133797448,4.634639287344497
25.10590063177311,1.9400730730921487,3.7849910858030267,0.20186824881842047,3.9023120941289937,0.027821665549675634,3.4029211187849704,4.224462553442508
25.387378008308303,1.7822952657705946,4.497776306902712,0.4363486317703691,2.21279664840132,0.018367418616317112,7.936426205654563,4.394419327130539
25.6700160254527,1.8878968889342,4.736311468636238,0.11537053958493,2.763174742525541,0.01199916114638715,4.567811718989623,4.341570123288934
24.01398547055461,1.5854488866951923,4.9049299410882075,0.46070479685416943,3.085559279615416,0.04374598656207295,1.9160777443940018,4.239121308838332
24.126748857919832,1.0035981178139055,4.619297366973829,0.2845909858498937,3.4174800650195407,0.049247701166564635,8.564242793658597,4.453046850659626
23.28194581952261,1.1913919870078389,3.5195416948383675,0.35488059072331224,2.136946236507151,0.04172571495986958,8.837342780046239,3.948821662982334
24.734840422988523,0.8631954336028513,4.1529226164879836,0.3637415688823131,2.420072292659953,0.044151396868186685,4.716466585787684,4.039060747491965
23.107826821390226,2.3169011226672565,4.535423286769423,0.45804709628261453,2.8304429233739175,0.019679085212681816,0.849427300366896,4.170018605611066
24.39679405439738,1.666783589532241,3.675732998289667,0.35466787286688295,4.914598072703152,0.04842507902052799,3.9394782901776195,4.2527602565268605
24.62793390412273,1.3017028335272798,4.201253862418362,0.34557343390402473,2.9940410213091524,0.017877028178137133,8.055022828679773,4.357035397856679
23.859623756384853,1.4240116072882654,3.566406217582733,0.126660816224276,3.4461231743362477,0.048057192414473295,9.027562882607663,4.200491007032797
24.772499781707033,2.3945666792236304,3.6571569943100415,0.30736320877808165,2.588293138215179,0.04979277175863804,2.114380150726199,4.019573524564445
23.091500749817147,0.8067028062321604,4.293846552403192,0.16006760032681666,3.8323402132273046,0.03846891222984195,0.763038759050188,3.9262130249794676
23.112044566247643,1.6724596640335945,3.7654315080861207,0.3949735074885943,2.842049646547923,0.04924574927167288,8.785769486015102,4.236301067797124
25.467801681978976,1.511777357768932,4.635081696523116,0.30488876832506984,2.6209777353152806,0.032781591182684144,3.9551088958908656,4.306993998560818
24.080571924233787,1.7229084708692957,4.878929938274531,0.3720911116833413,3.5497178853379374,0.02038167132704361,5.463433546248877,4.427934704953675
23.381181537955655,0.536220367641681,5.101173398218165,0.11666916024095371,2.0165173974812625,0.027479835426624834,9.683851539302513,4.326826708817282
24.566729780164412,2.244247817888303,3.90030048848962,0.1339168064183213,2.022992097947676,0.03374243741515144,0.7589908063508063,3.973487076097796
25.30998065929583,2.364236564967225,3.8349651645181395,0.3865293552250729,2.6572064273055735,0.0129232624810806,6.518348273775746,4.250769501814548
23.64746308249053,1.6302663671784179,3.7091356806688003,0.12883373439946935,2.110164087502463,0.03489373058468984,0.833643683491184,3.7767528142202154
24.868671427457002,1.8933016477537845,4.772860499087273,0.12850269110610346,2.3240772623920742,0.049247113470491787,3.817142391818354,4.318048676975621
23.256042394981304,2.3449987623545914,4.912951452973802,0.10484339009395499,3.016581948016255,0.017604305991349108,8.057763997415123,4.667740536410145
23.15504516350582,1.9144772686267972,3.563172289651284,0.48260055931979207,4.4077570387394385,0.04170380465153534,4.3913751042807805,4.199295207345695
24.594063894704444,0.8050780858285227,5.372424492487379,0.3950033437836028,3.7161459301079027,0.046315951751184775,9.972105303639209,4.637960250141101
24.62190536483032,1.6525767203336263,3.603942567302945,0.24130056340082567,3.5380031778692493,0.04774806371280883,5.634686920971362,4.089790578861021
24.91228970449462,1.7134300927657118,4.582592670602141,0.2186142325150621,2.880466469624365,0.04840542417621789,3.2795053110959396,4.25914957195993
25.178274001167985,1.348261342604772,4.918121038901833,0.23988129189833984,4.795261158298449,0.030858385548858877,2.2791021264570563,4.479456595062892
25.927556238387602,1.9728884712494457,5.241938247492171,0.40986141247247276,3.191045123711575,0.04909231631966015,3.5701532894330024,4.507104701161061
24.548901044903587,2.3687340295380297,4.928173864264855,0.3645482444281658,2.2612783003873145,0.04029240828537756,3.788079410219553,4.421934599099147
23.968869418823736,2.3511370258135527,5.103456166139583,0.17407822714698717,3.851199548353404,0.016466857449478477,0.7802654094672137,4.490785649827882
25.38555858430611,1.4016787428082642,4.178900385085612,0.16964373413363376,2.341515180429804,0.0290760042587188,3.7587845743250545,3.9877812671789488
23.812496753786224,0.7264760916815105,5.129650227493024,0.13935825988535894,3.0356694284050763,0.03873324701488016,4.695961345418326,4.34397554687552
24.31691426211691,2.469682397924669,3.6602296927693505,0.3641210878805353,3.522235816153427,0.019893612632763333,7.255103747164166,4.415020283588933
23.235369144026798,2.177796172891868,5.2896333121210555,0.40574906488869444,4.622667574055527,0.035624607341955494,6.601621898743919,4.904661880304261
23.076052230246372,0.7493253624065337,4.595184752307473,0.20601857133000162,3.4806397410203562,0.03666401916186477,7.116779986768627,4.247371383706966
25.887945244033777,2.3416837652347446,5.134595539924987,0.10837798441236512,4.106776298094992,0.016507989752342637,0.1828004505808853,4.571119336640052
25.50794036153662,2.2397927241242566,4.4046365690366,0.13286866699057095,4.978450516997211,0.03260341249811025,2.254907255847307,4.506682870293098
25.087922618281095,1.5376761142521442,4.78715539039305,0.4871440139380122,2.394467359693945,0.04086507643914431,6.650674455158579,4.392738081886286
24.226858833242808,1.6825508714898585,4.552805321872226,0.21817791099096812,2.8241945765585585,0.02995582658143768,4.8914947449794965,4.303753363145827
23.519882960212538,1.2980054077402605,4.963179043510664,0.40768925913525345,3.1837282267929394,0.010484124671044297,0.15260340911662487,4.081932008703798
23.46931112801326,0.6095232776440627,3.6632599640611794,0.3498654275417055,3.265484535616494,0.010361538763171687,8.064496960075042,4.097827832565201
23.750728694493787,1.1703944832918018,3.6207041679811276,0.25277585586115836,3.2330632257966374,0.024281173758800487,7.75081477557434,4.139272839783946
24.647679994118363,2.105706897196023,3.994206468020293,0.18227490487822207,4.7228330076696645,0.04704776273727128,5.52934971363627,4.371567681232153
25.143787768100186,0.5092640460092057,3.8190893602263767,0.1485545672637626,4.142097933400569,0.01914707118414435,0.757986925185094,3.752629236445453
24.980592130153195,1.1669983433822884,5.243567133184404,0.34600518721554663,3.823715642272111,0.035374547554867485,7.6884989903725875,4.594913704315976
23.839801690837827,1.2963373871818866,3.9384279747160886,0.40985351225511524,2.928118153588346,0.018883034827732823,5.878764518540503,4.1196947133034785
25.864595841989583,1.5747912058758458,5.451730511638263,0.35756170141645227,4.471371152663885,0.022866799586381943,7.841403773863796,4.8118966618243055
25.213690750087306,2.339711232825521,4.173791583542213,0.3121208532996633,4.865181534454967,0.04392168358405936,7.54229522471882,4.735678966532886
24.663062157534203,1.1926919887319225,3.864235831377399,0.1167804893726545,4.463594847650679,0.039154457690797874,8.049720512382589,4.258425707186949
24.835162238703056,1.1939064037924554,5.079397014284958,0.4873955110377536,2.004695315574419,0.013815971092528426,5.228279857405785,4.255820093745621
24.25880018728337,1.9750024962194968,4.817415551001752,0.4194856766618299,3.9092041105502213,0.027148080839457342,1.4892127301157985,4.25359461557737
23.74319296850347,1.4044358817796143,4.496391432906278,0.21712881468038592,2.1534061443263024,0.011166790545810578,6.744458986458918,4.275459739227036
24.067918035953785,0.9492096458799639,4.610727101875263,0.4919881317435403,2.7728216610011653,0.029235605864120363,6.242690472014509,4.202067914155148
25.27353833139311,1.4048790322653868,4.938403556544528,0.34075263585452886,2.1785741010433153,0.03649736046804272,7.448306553270963,4.423476891619913
23.043180465889268,0.7817140407595997,3.9569094826625975,0.3329690632828986,3.8113863588481633,0.014740104943926063,1.7818219599022798,3.840811147645937
23.34821792152075,0.8527739730124466,5.492667832113484,0.3992292717718129,4.059769740477821,0.021555397556366627,2.0302544790128634,4.3851720321057
23.138007926065256,1.4967355454789595,5.449586324293566,0.424707915236055,2.3434629141977155,0.025913465020086277,8.915054220471353,4.66184764882034
23.12218640695691,1.3378508990090958,4.800651372693874,0.36259144293260104,3.1515166491349387,0.04678124098624199,7.524780204675501,4.465427577491962
25.56638175203302,2.3296918021362,3.8990849018582905,0.15123829854648002,3.368709526866626,0.04973020061691856,9.091462038133196,4.5386987409200445
25.110973578140072,1.2247877982332662,4.860456484862583,0.23530700239779936,3.1071590652827497,0.011796451959824634,7.611281679522815,4.4732278568809285
24.422521487261974,1.661176700556087,3.6443968179583517,0.4712334561304199,2.363075001455579,0.04044031693981568,6.011837529303988,4.027684929960238
23.293502481953006,1.7645285758390608,3.5613050044116124,0.18984624473754078,3.256843370562426,0.02486896265609373,6.575914096575949,4.221393192486273
24.4748476253505,0.5261889131766673,4.015365777022428,0.24886680953500534,4.253534143425254,0.0256983274491792,8.902366447006099,4.352039642311476
24.420415312341696,1.8270747440334212,4.425245913478633,0.2728307531776784,2.2130229935997665,0.04017059893388091,5.830186869668211,4.330682393163387
23.519605609730046,0.8560719337395029,5.236545010816761,0.2757619958777809,2.2405400422457102,0.04673705728581635,6.360674110851035,4.2713872992179995
24.301554947713917,2.42214063493891,4.9543381395326165,0.3451758329978102,3.0643138755079526,0.04803714378010194,1.649119488435646,4.420138790668448
24.19551420319212,0.7973254555062259,4.985413042399962,0.47723033509788304,4.825177134856775,0.03308490344153283,4.791820079149416,4.341289088265939
24.847550294156648,1.3292482474540475,4.350986668896151,0.19627708473300198,4.005717940168742,0.024284846372020115,7.192331408385179,4.438351299326286
24.905280952602933,0.6706993361572877,4.191869985093926,0.14860055052036725,4.036009870017694,0.041501963434351176,2.7823327133320177,4.0514285278467534
23.135912029316135,2.4937485036918945,4.242077525969205,0.17898819594397494,3.085759972513595,0.02004005533049201,2.102316387192896,4.157891808960187
24.123837843879414,1.5043900206624852,5.475299127472116,0.45476996008370785,3.780982373625615,0.03256296115334071,3.2068854014217143,4.428324870019166
24.877579747142708,1.6907700346400876,3.580218382824965,0.35832432506208245,2.03039355208323,0.024343138460994927,2.490856217129051,3.8347963466184676
24.509408775740262,0.634152954776855,5.234062992244898,0.21436271569566406,3.9082881392286266,0.03626524294831505,2.227635106660319,4.2177694457725465
25.569469523564965,1.9999209407983556,4.657350817144787,0.42637877558744697,4.73986084272871,0.019615956515740277,4.3060233443940605,4.483395840578501
24.976080894856835,0.9198111861911715,4.377230838379181,0.4445479985453744,3.8377204050344575,0.017663717829393032,9.087601287446988,4.418703512546551
23.488803281244287,2.2961085788814275,4.950515320830273,0.43860573547611126,4.621095780399035,0.04672956346701749,5.119890502713311,4.7045049446851905
23.211706242201288,0.9102792809640143,4.473337882849406,0.46757061345582185,4.171919166398281,0.014072147317981476,1.960411770071698,4.068849551394257
24.927257834618946,0.8813754413273331,5.246846476163321,0.20089640806934464,2.361675249211071,0.030238316309397266,0.8620195268706533,4.02776488639856
23.079533931624866,0.5730993356961898,5.3014037280225175,0.40201677149851134,4.707359921857526,0.018834111318520357,6.99194583686546,4.579084173631601
24.75732674382039,1.4441338902199985,4.343441853746911,0.284215798909656,2.1993315330673244,0.011557198533026699,3.88970776792024,4.158705775890516
25.820690724274872,1.6296822665252328,4.053655594470103,0.43679942115602466,3.6019024176432914,0.011440752731657056,8.236126371195057,4.376968000058772
24.726422533627638,0.6314172788567047,4.684700657186724,0.39139627086464535,2.426411371380373,0.017008870884233095,6.6291566095436245,4.123746314883814
24.164509778619564,2.051055233390021,5.324726691233382,0.4105789785998899,2.035119832192712,0.044670814180240014,7.982790360359548,4.653121997104471
24.92986465532706,1.4065776694960552,3.921324378011333,0.3624647350724286,3.266102780382917,0.021299149759081065,2.792265790242643,3.9975338816924917
24.37475867147455,1.54878053865516,4.745933167126966,0.17097150778788275,2.8851221229624686,0.04801836682301183,6.954353332364476,4.425103939766337
24.636850367947805,1.3815254938764563,4.763120440185041,0.31801076755877533,3.458001481392809,0.033264891719567743,2.714213648467816,4.276026129787867
25.824394426329576,1.301526121750652,4.966226044830562,0.4938678958098033,3.7315996602036523,0.027464567590750645,9.396777946557886,4.541182714280696
24.15830791340232,1.6192806626164358,3.7631353702545196,0.4749552265988476,2.131217216926842,0.03320355338677818,6.400105387180406,4.141478466201369
25.883571691471744,0.810480491861425,4.931649929364177,0.11726949431880468,2.369009885371237,0.03066793540905071,3.312666821735887,4.113349559375207
25.716051925868193,0.8638562609905422,5.318065041331282,0.16592592629177486,3.675927189351276,0.04035105015029301,2.768167436693499,4.298683484061804
23.587373404367888,2.2235712420270346,3.859366217740484,0.15269150938182477,3.0295020595179745,0.02129984263891409,1.990173192209271,4.0921820720579785
23.208083902625496,2.3922309242672655,3.9750866498477553,0.39039196399411824,4.187520462648344,0.024122015664012095,6.976945493047905,4.507736481509399
23.30233400413228,1.246618632559506,5.442790188083279,0.42711413194277803,3.956874945775819,0.04576377210133003,2.2652845686794802,4.307809696446613
23.05466547695465,1.0414893462871075,3.8619539054189795,0.18540454652426877,4.536813088969721,0.04785826052601622,5.993502332682142,4.287523588117046
23.283328882267785,1.7879990864780315,5.208770186739159,0.3023410771807316,4.0774784800076755,0.04570232909945898,2.719886766561038,4.487027765616226
25.04902032024907,1.3174683421961928,4.48455571289607,0.43628121120448005,3.289793232170444,0.026777919758292544,6.653492553459299,4.355146172645388
23.213565945380687,0.5507727113206897,3.9944621488063543,0.3931206179065002,4.018899867183297,0.04121462012027527,8.167903312551339,4.24147673493489
23.956926890881284,0.8123051947323807,5.241499802545023,0.31689488219673934,2.8261435227662557,0.029053429332043954,7.8024499071320665,4.376955267936536
25.534625932908362,1.931944457694795,4.390610510005331,0.33613907618350913,2.918940496334638,0.029901594085844085,7.632428176214739,4.478740356181915
23.069815807207476,1.8178478838203027,4.529634707859381,0.30334421876651196,4.36695547976238,0.01818720436229136,1.9584518163532956,4.288201446420305
25.443405447766807,0.554191985006967,4.218466738799531,0.21901938052752823,3.3392585492047466,0.033645212130340656,0.9750109751467352,3.8940466732303065
23.8455643243202,0.9439443238658989,4.685901702869855,0.3260087971436064,4.395141021555057,0.01744543591013392,7.019593402025118,4.321785525888893
23.35449448286497,0.9621495931761428,3.8270477451700455,0.37555412082003625,4.467267121004835,0.02326258796268775,3.746637416564078,4.050041738020818
25.09021149609245,1.8437854871974568,4.282163073303521,0.44932916634432307,4.5726870129838515,0.04420120806479741,4.380227641393138,4.377132935407363
24.886828540339653,0.5394210755087283,5.438824644670575,0.3545165415916992,4.749905707523622,0.01828303236843421,0.4083760186545715,4.2712402635205295
25.63241604058116,0.7082171639691477,4.016266865402255,0.40444861481726324,3.2929556615398887,0.012846331406937313,2.6698068478229873,3.921953896144971
25.205213131411657,2.099832170746379,4.813473329082584,0.1640286539818292,2.9566004549634166,0.012760303704512652,0.4333963983571938,4.202962126819401
25.410442791154544,0.8570893241086672,4.15038012844939,0.284622989767916,3.746596239782342,0.04763138082012432,8.803939148752352,4.292423477810317
23.84610371771392,1.8054922157037494,5.0469462513732015,0.10373264793083732,3.1135172703128826,0.030276817518473387,2.5096271638634517,4.346492272816784
23.53231863133917,0.976365562093453,3.7617473214366997,0.1986715458086492,3.803222500400699,0.026376482872680733,5.6176379787727795,4.035384534275576
25.251844254922574,0.6988827855186903,5.43964209015709,0.3905846860452019,4.116757587931474,0.04243514324031674,0.4858952745451911,4.2734765381550845
25.420504217801792,0.9863443819989082,4.4075790827672785,0.4967239805397454,4.06521505547641,0.043433037116420645,6.701789173926015,4.314713005599128
25.97151542600202,1.9445338637113183,3.972100926692928,0.13967123983488638,3.123658661060364,0.023287641324624186,3.2979707229655295,4.02356488036939
24.23785303073428,2.2113929362125715,3.646993494660025,0.2605977263445153,2.5005806050962587,0.03774472229895181,8.989399950880891,4.325485976809903
24.116054257378348,2.160439729133983,3.8395158101750813,0.42002838747966387,3.2915880153866226,0.04084491263407546,8.892370070446955,4.3962296093794
25.32923888222599,1.2943670592369096,4.539547897112035,0.18161425385155955,2.427782432245726,0.03618602747463818,3.320377121781303,4.026061179038054
24.022410620759054,1.8361702731412923,4.174006352862572,0.3220339797209145,4.670291105551425,0.016063802992003974,9.019512867335632,4.545810612973844
25.792271976810696,0.9099685908316419,5.157766731765219,0.3932285184118699,3.0376323822135722,0.04503532334068228,9.96196096763791,4.580539002152252
25.575238255529037,1.0862954605220265,4.361775047323611,0.34639418010407164,2.4633792416699714,0.03156378210944035,8.271615074827086,4.33195538143899
24.286982082125053,2.2926716370422398,3.99742854517526,0.17520989384616648,2.0763432797172525,0.021298897054800148,8.464226342776767,4.394895327751459
25.25261320337449,0.5260038470214721,4.73428997320806,0.24215382747429579,3.9374671588594525,0.02700912741750776,2.5651864874799903,4.0789753124407495
25.263628622254046,0.6710170617089362,4.913554433770892,0.4135167137941589,3.9107069523642295,0.011502843615956295,5.8093537486917874,4.3523369168316774
23.3093716065078,0.9157725102920546,3.8340838158018995,0.32169060565280666,3.021812499743875,0.015114672048896702,0.7658335482769417,3.7307374552832777
25.7076587200387,0.5530644077476394,3.8352384325766353,0.1020918454171651,2.215135666542953,0.040621870020634436,1.0396875745345302,3.6223489725522695
24.515757117343572,0.8628708701795946,3.5733428538670857,0.4043963040112376,3.228886684685696,0.010000465390214645,9.989036859129577,4.108470161106028
25.479372398323225,1.6660831219393843,4.972804030131281,0.11412454197609563,2.933652485190181,0.026662633139291687,3.3337285693165186,4.25596415539417
23.960148803091837,1.342849101184996,4.82760905524361,0.39829351309249283,4.031361919205028,0.030900407243423536,7.507020729283579,4.513420061653932
25.6865696854886,2.2853434221539497,4.449261751499628,0.18099222406609497,3.817337748358071,0.012185376800038892,8.085984024965484,4.664791471577376
24.167605036202488,2.134887123476882,5.188340897938394,0.48322939204775206,3.09378118459262,0.048923126518893315,8.594430382971568,4.740522622002376
23.032512954440897,1.183634703395752,5.111340305900106,0.2471763005208338,2.65367766276497,0.019045013249986878,9.97652014428135,4.5316372627407375
25.71614592925779,1.018846866862585,4.670708728793504,0.23077264653523166,4.964107898466775,0.022167948785451235,2.490815204042992,4.247384014186333
23.2738600303584,1.2593848163345338,5.236542561026518,0.15955522013297788,3.3620048635883446,0.022157700490201094,0.4994731859110271,4.234007208206166
23.957940912771246,1.6805898850296155,3.9116824200735367,0.22224168619608597,4.064822707340712,0.019216666484693997,4.170796028146401,4.147436382931686
25.850185901152415,1.0361272816457525,3.7238392387954558,0.45066030473128027,2.421658902735082,0.010058952883452457,1.3877986313065749,3.7775290131990205
25.851821440812667,1.748297815698268,4.039499223033979,0.49853373505089893,3.456769098978193,0.03917379176351986,0.3220163027043457,3.9665449081694866
24.720313664369858,1.3188233043824809,3.61417371217863,0.24732381220273936,2.0826101596083966,0.048673819991971415,3.6682255887007127,3.8207977144805296
24.895511636509397,1.6040943617039605,4.562339056002064,0.279444252381817,3.51636535373135,0.018971739331401803,7.859008685644841,4.423325772011324
24.34533656593496,1.3722530582706334,5.373211384589923,0.3888283752810948,4.892052221353107,0.0365218876721369,5.705188843128202,4.652116527945983
23.879632315094195,1.0889315190838353,3.5786870813370193,0.45447831218602985,3.152620138957401,0.0396758530783486,3.1965020931825054,3.914285979094932
23.985993636109747,2.3969066139243136,3.7442198280200536,0.33721773367471364,2.1169880377247345,0.043937015163620995,6.577985854377925,4.267995934929893
25.017555368231115,2.0272115883195214,4.404398056566871,0.2566102792711318,2.0928673727580307,0.026905167880544367,2.3969799850572264,4.180015264018605
25.25712358831304,0.7802263515329051,5.36775003505581,0.2650487363394495,3.1639602798406083,0.02211723622561717,0.24237631611364174,4.148558720090816
25.374737131177547,2.2369359517958256,4.132312209953501,0.37824725859872277,2.480074809389582,0.023011805360921248,7.667098525720631,4.3483827086361275
25.368854428383663,1.4748623964990273,4.514469617376784,0.10128730544171148,2.0700562889845577,0.03850485332394051,6.27505654015369,4.237984513342697
23.27361830914607,2.289104453788183,3.583145718100784,0.3478357349839363,4.26864084185053,0.04267117866022544,7.646795982559504,4.40194699708032
24.483260914107746,2.0997105118946306,3.7966864019241777,0.24219720417654297,3.375569026645672,0.017264558710264107,0.48548636520788957,4.0853757855322135
23.172676280049934,1.350427008938467,5.473260245917694,0.41767893251083377,2.8677343159179634,0.024837640326310608,8.387484315523457,4.553002786586621
24.648586646971207,0.5449386166402348,5.430237392872091,0.13719625592925289,4.700249549049442,0.046077607869966,6.233309380359403,4.596371715972678
24.324591504120132,1.0373547187698922,3.509879961868819,0.3352809067793562,2.348416880601577,0.042267740787789575,5.677613972055137,3.937473206328106
25.6631125482749,1.5832684293217338,5.403623570846478,0.2923891559544495,4.867756486865957,0.04939433611049904,6.283679076333862,4.866830159683235
24.052745037656237,1.7669564396522945,4.778239875631001,0.35693021036209094,2.9419001521320585,0.04016993038728323,8.657889143996805,4.539283318594423
23.351201049282817,1.0157753708664046,5.235836589040044,0.12594143779318734,4.665211016926044,0.025727808041116892,5.91067141493318,4.594718282867067
23.428975046158506,0.7787121481456483,4.409479711267718,0.3319935149712525,3.8088286294383846,0.03362551335978551,5.8514087608929755,4.323425978982446
25.284531895152416,2.1698604735985985,4.531192057158501,0.32459383518380946,4.480122079224462,0.036440570169892814,9.90772365495108,4.7768342140759605
24.854654189948782,2.4688043614071042,4.477693160513841,0.3242640377664684,4.952039489631392,0.013138232652684958,7.591628653978823,4.697492341502313
23.30336802836837,1.5513803646053717,4.833728515092209,0.34139506663858193,2.865216313456237,0.03177987836415461,4.478708673966239,4.2106626555036755
23.252320418344993,0.843358571696607,3.779302509512626,0.37058717489054493,4.8834064562227795,0.03837283313890438,7.1032303003259845,4.268140799179715
25.10290739437736,1.044614653038738,3.5599471797453557,0.42199559987230795,3.168445684707261,0.016692852160042414,3.953381669748706,3.80420301669749
23.21828901909258,0.5367813530949335,4.115859883182382,0.20792828805128574,3.156535714210767,0.04122526869702229,2.36586707858664,3.8358062705155627
25.465580177871068,2.328597613120998,4.909361525473294,0.4300197640720248,3.021161312763517,0.033350911220564466,6.008833581188818,4.610643460621542
25.11872668146949,0.7355021657802823,3.9037069042458965,0.2993022729053815,3.6242228220427557,0.04808887142790379,9.28900277132812,4.259807171427505
23.2440463419257,1.6530329510285071,4.846864866649835,0.13082331165373248,2.462435129535461,0.011696891928275667,9.298481248153081,4.554170990853622
23.254513142255576,1.048110441374412,5.439824092214541,0.12342037169759168,3.6611344560740333,0.02061304550221868,3.4848622532443545,4.403607188876523
25.95991873550353,1.6083560050315868,3.687801431578837,0.23369532747842434,3.625114437230012,0.034062155171992965,5.32400691559478,4.2444097066021484
24.12281238726836,1.8028407767037284,4.845204236450252,0.4139587908445871,4.2857054378146096,0.021862396488237228,2.195195395841626,4.3396726122668365
24.111926441200673,2.159483607414403,4.387500438609142,0.3830723738963663,4.500949885812757,0.03857696656284969,9.956747984038946,4.726393197681507
25.438398701772506,0.9128425435212064,5.236284508755011,0.41544598586896264,3.321324050937272,0.04036021130087724,9.813067287892563,4.571512184232348
25.841745732151576,0.521991657316961,3.854299578894772,0.3069076225766437,2.9069997480544814,0.014100638562658977,6.530138404103728,4.023991979552331
25.958003191468613,0.7737712601376145,4.885251904452329,0.27607959918219627,2.7780046919512835,0.03055417856827071,8.063699190806986,4.407014891821894
25.260134555776826,2.30003728369621,5.17623057929622,0.15898101068251358,2.5838715101146157,0.030355622223642235,7.17949159670863,4.6977470800668515
24.128778756592748,2.2477801551250307,5.389228438948047,0.23127710144372463,2.1729427465970748,0.024771230808621644,5.972266368490735,4.659100718927085
23.250502150096008,1.6948262043406166,4.866496056579292,0.2736077464695501,3.02734393650414,0.04731699450278689,0.6281451701900872,4.113848596332363
25.33144074778231,1.7010337208673068,4.494349528016855,0.1354401718718469,2.8107430763923498,0.04310025279492885,4.6021669912713445,4.367810463680743
24.675212749207414,1.830073349092511,4.735694480402428,0.1882447810844845,4.899252157599222,0.03788837527638547,6.780384391457364,4.7537510573582775
24.27266602774093,0.8507425572468992,5.2378099689574364,0.33929011762549555,3.673126478750132,0.0385730654293999,6.807562977448478,4.511406974323418
25.719063155284207,2.3288238918499196,4.641219493277659,0.394265245695676,3.0418311170915224,0.028468645752524765,3.7939139223815976,4.50505636795
23.333592446918455,1.3375410497841462,3.560774119393674,0.49933900455717983,3.7414028029810877,0.04683978084386304,9.422750667914503,4.192569301609677
24.477875312872577,1.266277056498995,5.361897391013955,0.47324533253742307,2.4175901040370866,0.037783817090131414,1.756834619144132,4.179559725229964
23.034060934302257,1.537835410565675,4.8790535020631225,0.35702607981407664,3.3321312476066085,0.03915924246623266,5.05355851753405,4.350693413324371
24.405981925982378,0.5939319335501101,4.853026771554493,0.2684992213176288,3.8787029642631916,0.044467636151493815,6.9397513678531455,4.39695005964488
23.16890982704551,0.8325667375121588,3.9313503047954343,0.3544709458832931,3.466693495377354,0.02096286357368764,7.001644478328911,4.063849870223761
23.356453748804217,1.9760672328527409,4.817770940465314,0.41426064723209277,3.2053364019629726,0.04228283615466812,6.521525672011274,4.55967721892345
23.352578740331314,0.6655973358502529,4.287728811308317,0.14733447636935493,4.981545166699094,0.017809624118259683,2.825353313173416,4.194502610345868
24.94763090634819,1.7063042189327764,4.802465954082984,0.26396195587851534,4.640944286446781,0.023813678089795516,1.6464450299975577,4.416476472152552
25.23813463779627,0.9906982193626419,3.7131860606159814,0.43592091425424695,3.87021787447832,0.023424418170793708,6.395809235584437,4.135048585553141
24.75010629529148,1.278591228083953,4.815690609206072,0.2535331807732176,3.7081320835468485,0.049141018735565624,6.0330909497804335,4.3822816962519004
25.886517645423627,1.0773874735413997,5.498827451541333,0.3287489084908746,3.861981439473752,0.04426148894991708,1.8756245018634858,4.333527356042562
24.12461173857111,1.2113454329298983,3.596424077721112,0.33510774434487933,2.6039363234672996,0.03804679446361039,7.080877541148577,4.1041983291928
23.857136258845582,1.938091810368491,5.454348368442634,0.17379050125345574,3.185413229792956,0.039082270464615605,4.606202718163198,4.630630881932246
25.60579738456838,1.09424343124635,4.313815921445741,0.24489417666091537,2.118378598672698,0.032482911776102845,6.7108298568712135,4.146289181898126
23.67078751555836,1.6328092805937944,5.241506900674518,0.23380451549677286,3.42663811246048,0.04788362668434076,8.389934089724491,4.667586357117414
25.889667618321834,1.4521008043981993,5.064770968116547,0.11047868341282592,3.6290737518729896,0.02985035011529446,1.7803114429115394,4.219573303633249
23.03646342406945,1.8273423307252963,4.634032521973335,0.1096767055565421,2.6832492083096287,0.02522070839479578,0.2895341931686831,4.035682617674875
25.909636480122916,2.373659478649516,4.976898418502653,0.43267881747030945,4.892086541496541,0.01652141347726364,7.813115605318289,4.986810737099014
23.129479735851728,1.9651441944205006,5.257031122602696,0.20922832398912497,4.728363832811726,0.041448226090442325,6.136004509010897,4.706168298702561
25.673429341094213,0.9298807571815135,4.308280643302066,0.3072315064955262,4.166429706367717,0.03937775728302366,7.026431739259005,4.343670906193668
24.5831033272589,0.5623662701225693,4.154066323126477,0.21949022943550922,3.6001598862960877,0.025374201540965396,8.397734252387561,4.273733516977983
25.9788943883579,1.0245280885996502,4.835186771127169,0.4762716980461362,4.609907478943055,0.011007736558369174,8.047828254762555,4.503616017682824
23.221389694206195,1.6901558614005097,5.115691883882517,0.2037187035463095,2.3919570314703886,0.04355989310872043,9.613109454595364,4.631136772563955
24.66156285320396,0.6028516269685007,5.024570269553232,0.2718627250955741,4.371529382824654,0.010456719338162945,5.40575728063597,4.417208980050515
25.907907606857297,1.4927324944024727,5.095627297717269,0.4490921001938407,2.374462441900545,0.03814799118516204,4.936106763333063,4.355398740176311
24.569293532510446,1.6936856978337784,4.371166629625866,0.4367734267167235,4.3826319876482165,0.04881028438904229,4.078683278918228,4.5056436617732745
24.888195914405788,1.1684877816339216,5.135668432350043,0.17444056713851092,2.8273027047540706,0.027506453125928136,1.621541324157625,4.096403904878584
25.087246066953853,2.041824407491644,3.740418110741217,0.4210573239182842,4.631271743054567,0.01939893619983811,5.768811605532022,4.43361286559346
24.36362319430332,0.7131965062675436,4.588978195921699,0.28327475469515706,4.832126281476194,0.03819484040173527,2.84242399082719,4.197508537381886
24.88267424025219,0.6502755634716175,3.5115173209962434,0.2931875488341421,2.446387908215347,0.04268512568062341,9.220944370908457,4.049189362717177
24.7529429357693,1.9563775124072067,4.14917165980054,0.1533919889663775,3.3880268151961808,0.03185721264311389,5.873588962343266,4.3825328983556275
25.703474031472968,1.490982632412397,4.232923069742796,0.13224060550284988,4.942962134488056,0.048681411010245854,5.9691177870302905,4.427548720205659
23.136339141024372,1.876804792855472,4.29234538321851,0.3911757227895061,3.45022230791944,0.012066748866318444,3.6137541426823994,4.251031691855416
23.84288956877669,1.3696546772074925,4.890934413379725,0.2985844609421199,4.590642567543636,0.030191823932181124,0.6146945845793041,4.1761256720201585
25.851234452229676,0.9928040664782136,4.277116202540691,0.27474028104607184,3.7661945663939598,0.038738157892902005,0.4142632771925874,4.001731637296274
25.670791351672747,2.1382046353483997,4.397387245245062,0.3918032914609587,3.1259897237588055,0.04450561884596716,4.2910179271166555,4.369514965009655
24.36697025835714,2.0988317579379583,3.975088261748655,0.4062051595964439,2.8573506665776107,0.017170224476311603,0.9371972431626547,4.056576866219446
24.86039779340461,1.8893929417088535,4.24650358325868,0.16356326706774144,2.6096692732582616,0.04200013927054726,6.107784859847377,4.361792427090816
23.8321435489434,1.0442902744599254,3.9545392545263027,0.34409005979105656,4.285394574133091,0.03210828302874181,8.821632755832608,4.36624437314749
23.564363479171284,1.6804613337381742,3.6463918475368873,0.15414163291107422,3.1596215204690834,0.025862147279598527,8.84085668353535,4.298794883175486
24.391095214819945,1.2219477938800536,4.706897186762756,0.4005500344116183,3.5338263866022537,0.015268601143163743,6.6245495603091005,4.340134586079883
24.06005668407816,0.6831641466532683,4.836425597110033,0.36278206250685585,3.4769764400035457,0.0446118303563565,2.1911951315820173,4.053230603827511
24.750968335552617,2.3346271509244856,4.738980692019229,0.4826458484333832,3.7318370876993936,0.016290928327188613,8.643668630452833,4.794639143923166
23.233203910894954,0.7736372618379228,4.426988087601145,0.1275832065425685,4.5967314368736565,0.022391514368363973,8.872325009600761,4.5192509718129035
25.9231844229985,2.400474707641605,4.259571560358459,0.12282188846050174,4.942218030750288,0.021601821278497475,2.046870491034291,4.4392189336195855
25.95863223343881,1.3920115459159115,5.22666729914365,0.21287482987728007,3.222752625721451,0.044856561367634176,7.400518249129704,4.592069995611204
